/home/sfogliacco/miniconda3/envs/dampe/bin/root.exe: /home/sfogliacco/miniconda3/envs/dampe/bin/../lib/libpcre2-8.so.0: no version information available (required by /home/sfogliacco/miniconda3/envs/dampe/bin/../lib/libCore.so.6.36)

Processing roofit_template_fit_sulfur.cpp...
High limit: 17.1276
Low limit: 15.3787
[#1] INFO:DataHandling -- RooDataHist::adjustBinning(data): fit range of variable x expanded to nearest bin boundaries: [1.5,26.5] --> [8,22]
[#1] INFO:DataHandling -- RooDataHist::adjustBinning(mcNe): fit range of variable x expanded to nearest bin boundaries: [8,22] --> [8,22.04]
Range h_mc_Ne: 1.5 - 27.5
Range h_mc_Mg: 1.5 - 27.5
Range h_mc_Si: 1.5 - 27.5
Range h_mc_S:  1.5 - 27.5
seed_Ne=129501 seed_Mg=130721 seed_Si=129941 seed_S=124396
[#1] INFO:Eval -- RooRealVar::setRange(x) new range named 'Sulfur' created with bounds [11,21]
[#1] INFO:Eval -- RooRealVar::setRange(x) new range named 'FULL' created with bounds [1.5,26.5]
[#1] INFO:Eval -- RooRealVar::setRange(x) new range named 'Sulfur_2' created with bounds [15.3787,17.1276]
[#1] INFO:Minimization -- p.d.f. provides expected number of events, including extended term in likelihood.
[#1] INFO:Eval -- RooRealVar::setRange(x) new range named 'fit_nll_model_data' created with bounds [1.5,26.5]
[#1] INFO:Fitting -- RooAbsPdf::fitTo(model) fixing normalization set for coefficient determination to observables in data
[#1] INFO:Fitting -- using generic CPU library compiled with no vectorizations
[#1] INFO:Fitting -- Creation of NLL object took 168.39 ms
[#1] INFO:Fitting -- RooAddition::defaultErrorLevel(nll_model_data) Summation contains a RooNLLVar, using its error level
[#1] INFO:Minimization -- RooAbsMinimizerFcn::setOptimizeConst: activating const optimization
Minuit2Minimizer: Minimize with max-calls 2000 convergence for edm < 1 strategy 1
RooAbsMinimizerFcn: Minimized function has error status.
Returning maximum FCN so far (-inf) to force MIGRAD to back out of this region. Error log follows.
Parameter values: 	mcMg_frac=130721	mcNe_frac=129501	mcS_frac=124396	mcSi_frac=129941
RooAddPdf::model[ mcNe_frac * modelmcNe_over_modelmcNe_Int[x|FULL] + mcMg_frac * modelmcMg_over_modelmcMg_Int[x|FULL] + mcSi_frac * modelmcSi_over_modelmcSi_Int[x|FULL] + mcS_frac * modelmcS_over_modelmcS_Int[x|FULL] ]
     getLogVal() top-level p.d.f not greater than zero @ !refCoefNorm=(x = 14), !pdfs=(modelmcNe_over_modelmcNe_Int[x|FULL] = 0.000583415,modelmcMg_over_modelmcMg_Int[x|FULL] = 0.00410619,modelmcSi_over_modelmcSi_Int[x|FULL] = 0.821185,modelmcS_over_modelmcS_Int[x|FULL] = 0.0141774), !coefficients=(mcNe_frac = 129501,mcMg_frac = 130721,mcSi_frac = 129941,mcS_frac = 124396)
     getLogVal() top-level p.d.f not greater than zero @ !refCoefNorm=(x = 14), !pdfs=(modelmcNe_over_modelmcNe_Int[x|FULL] = 0.000583415,modelmcMg_over_modelmcMg_Int[x|FULL] = 0.00410619,modelmcSi_over_modelmcSi_Int[x|FULL] = 0.821185,modelmcS_over_modelmcS_Int[x|FULL] = 0.0141774), !coefficients=(mcNe_frac = 129501,mcMg_frac = 130721,mcSi_frac = 129941,mcS_frac = 124396)
     getLogVal() top-level p.d.f not greater than zero @ !refCoefNorm=(x = 14), !pdfs=(modelmcNe_over_modelmcNe_Int[x|FULL] = 0.000583415,modelmcMg_over_modelmcMg_Int[x|FULL] = 0.00410619,modelmcSi_over_modelmcSi_Int[x|FULL] = 0.821185,modelmcS_over_modelmcS_Int[x|FULL] = 0.0141774), !coefficients=(mcNe_frac = 129501,mcMg_frac = 130721,mcSi_frac = 129941,mcS_frac = 124396)
     getLogVal() top-level p.d.f not greater than zero @ !refCoefNorm=(x = 14), !pdfs=(modelmcNe_over_modelmcNe_Int[x|FULL] = 0.000583415,modelmcMg_over_modelmcMg_Int[x|FULL] = 0.00410619,modelmcSi_over_modelmcSi_Int[x|FULL] = 0.821185,modelmcS_over_modelmcS_Int[x|FULL] = 0.0141774), !coefficients=(mcNe_frac = 129501,mcMg_frac = 130721,mcSi_frac = 129941,mcS_frac = 124396)
     getLogVal() top-level p.d.f not greater than zero @ !refCoefNorm=(x = 14), !pdfs=(modelmcNe_over_modelmcNe_Int[x|FULL] = 0.000583415,modelmcMg_over_modelmcMg_Int[x|FULL] = 0.00410619,modelmcSi_over_modelmcSi_Int[x|FULL] = 0.821185,modelmcS_over_modelmcS_Int[x|FULL] = 0.0141774), !coefficients=(mcNe_frac = 129501,mcMg_frac = 130721,mcSi_frac = 129941,mcS_frac = 124396)
     getLogVal() top-level p.d.f not greater than zero @ !refCoefNorm=(x = 14), !pdfs=(modelmcNe_over_modelmcNe_Int[x|FULL] = 0.000583415,modelmcMg_over_modelmcMg_Int[x|FULL] = 0.00410619,modelmcSi_over_modelmcSi_Int[x|FULL] = 0.821185,modelmcS_over_modelmcS_Int[x|FULL] = 0.0141774), !coefficients=(mcNe_frac = 129501,mcMg_frac = 130721,mcSi_frac = 129941,mcS_frac = 124396)
     getLogVal() top-level p.d.f not greater than zero @ !refCoefNorm=(x = 14), !pdfs=(modelmcNe_over_modelmcNe_Int[x|FULL] = 0.000583415,modelmcMg_over_modelmcMg_Int[x|FULL] = 0.00410619,modelmcSi_over_modelmcSi_Int[x|FULL] = 0.821185,modelmcS_over_modelmcS_Int[x|FULL] = 0.0141774), !coefficients=(mcNe_frac = 129501,mcMg_frac = 130721,mcSi_frac = 129941,mcS_frac = 124396)
     getLogVal() top-level p.d.f not greater than zero @ !refCoefNorm=(x = 14), !pdfs=(modelmcNe_over_modelmcNe_Int[x|FULL] = 0.000583415,modelmcMg_over_modelmcMg_Int[x|FULL] = 0.00410619,modelmcSi_over_modelmcSi_Int[x|FULL] = 0.821185,modelmcS_over_modelmcS_Int[x|FULL] = 0.0141774), !coefficients=(mcNe_frac = 129501,mcMg_frac = 130721,mcSi_frac = 129941,mcS_frac = 124396)
     getLogVal() top-level p.d.f not greater than zero @ !refCoefNorm=(x = 14), !pdfs=(modelmcNe_over_modelmcNe_Int[x|FULL] = 0.000583415,modelmcMg_over_modelmcMg_Int[x|FULL] = 0.00410619,modelmcSi_over_modelmcSi_Int[x|FULL] = 0.821185,modelmcS_over_modelmcS_Int[x|FULL] = 0.0141774), !coefficients=(mcNe_frac = 129501,mcMg_frac = 130721,mcSi_frac = 129941,mcS_frac = 124396)
     getLogVal() top-level p.d.f not greater than zero @ !refCoefNorm=(x = 14), !pdfs=(modelmcNe_over_modelmcNe_Int[x|FULL] = 0.000583415,modelmcMg_over_modelmcMg_Int[x|FULL] = 0.00410619,modelmcSi_over_modelmcSi_Int[x|FULL] = 0.821185,modelmcS_over_modelmcS_Int[x|FULL] = 0.0141774), !coefficients=(mcNe_frac = 129501,mcMg_frac = 130721,mcSi_frac = 129941,mcS_frac = 124396)
     getLogVal() top-level p.d.f not greater than zero @ !refCoefNorm=(x = 14), !pdfs=(modelmcNe_over_modelmcNe_Int[x|FULL] = 0.000583415,modelmcMg_over_modelmcMg_Int[x|FULL] = 0.00410619,modelmcSi_over_modelmcSi_Int[x|FULL] = 0.821185,modelmcS_over_modelmcS_Int[x|FULL] = 0.0141774), !coefficients=(mcNe_frac = 129501,mcMg_frac = 130721,mcSi_frac = 129941,mcS_frac = 124396)
     getLogVal() top-level p.d.f not greater than zero @ !refCoefNorm=(x = 14), !pdfs=(modelmcNe_over_modelmcNe_Int[x|FULL] = 0.000583415,modelmcMg_over_modelmcMg_Int[x|FULL] = 0.00410619,modelmcSi_over_modelmcSi_Int[x|FULL] = 0.821185,modelmcS_over_modelmcS_Int[x|FULL] = 0.0141774), !coefficients=(mcNe_frac = 129501,mcMg_frac = 130721,mcSi_frac = 129941,mcS_frac = 124396)
    ... (remaining 15 messages suppressed)

RooAbsMinimizerFcn: Minimized function has error status.
Returning maximum FCN so far (-inf) to force MIGRAD to back out of this region. Error log follows.
Parameter values: 	mcMg_frac=131399	mcNe_frac=129501	mcS_frac=124396	mcSi_frac=129941
RooAddPdf::model[ mcNe_frac * modelmcNe_over_modelmcNe_Int[x|FULL] + mcMg_frac * modelmcMg_over_modelmcMg_Int[x|FULL] + mcSi_frac * modelmcSi_over_modelmcSi_Int[x|FULL] + mcS_frac * modelmcS_over_modelmcS_Int[x|FULL] ]
     getLogVal() top-level p.d.f not greater than zero @ !refCoefNorm=(x = 14), !pdfs=(modelmcNe_over_modelmcNe_Int[x|FULL] = 0.000583415,modelmcMg_over_modelmcMg_Int[x|FULL] = 0.00410619,modelmcSi_over_modelmcSi_Int[x|FULL] = 0.821185,modelmcS_over_modelmcS_Int[x|FULL] = 0.0141774), !coefficients=(mcNe_frac = 129501,mcMg_frac = 131399,mcSi_frac = 129941,mcS_frac = 124396)
     getLogVal() top-level p.d.f not greater than zero @ !refCoefNorm=(x = 14), !pdfs=(modelmcNe_over_modelmcNe_Int[x|FULL] = 0.000583415,modelmcMg_over_modelmcMg_Int[x|FULL] = 0.00410619,modelmcSi_over_modelmcSi_Int[x|FULL] = 0.821185,modelmcS_over_modelmcS_Int[x|FULL] = 0.0141774), !coefficients=(mcNe_frac = 129501,mcMg_frac = 131399,mcSi_frac = 129941,mcS_frac = 124396)
     getLogVal() top-level p.d.f not greater than zero @ !refCoefNorm=(x = 14), !pdfs=(modelmcNe_over_modelmcNe_Int[x|FULL] = 0.000583415,modelmcMg_over_modelmcMg_Int[x|FULL] = 0.00410619,modelmcSi_over_modelmcSi_Int[x|FULL] = 0.821185,modelmcS_over_modelmcS_Int[x|FULL] = 0.0141774), !coefficients=(mcNe_frac = 129501,mcMg_frac = 131399,mcSi_frac = 129941,mcS_frac = 124396)
     getLogVal() top-level p.d.f not greater than zero @ !refCoefNorm=(x = 14), !pdfs=(modelmcNe_over_modelmcNe_Int[x|FULL] = 0.000583415,modelmcMg_over_modelmcMg_Int[x|FULL] = 0.00410619,modelmcSi_over_modelmcSi_Int[x|FULL] = 0.821185,modelmcS_over_modelmcS_Int[x|FULL] = 0.0141774), !coefficients=(mcNe_frac = 129501,mcMg_frac = 131399,mcSi_frac = 129941,mcS_frac = 124396)
     getLogVal() top-level p.d.f not greater than zero @ !refCoefNorm=(x = 14), !pdfs=(modelmcNe_over_modelmcNe_Int[x|FULL] = 0.000583415,modelmcMg_over_modelmcMg_Int[x|FULL] = 0.00410619,modelmcSi_over_modelmcSi_Int[x|FULL] = 0.821185,modelmcS_over_modelmcS_Int[x|FULL] = 0.0141774), !coefficients=(mcNe_frac = 129501,mcMg_frac = 131399,mcSi_frac = 129941,mcS_frac = 124396)
     getLogVal() top-level p.d.f not greater than zero @ !refCoefNorm=(x = 14), !pdfs=(modelmcNe_over_modelmcNe_Int[x|FULL] = 0.000583415,modelmcMg_over_modelmcMg_Int[x|FULL] = 0.00410619,modelmcSi_over_modelmcSi_Int[x|FULL] = 0.821185,modelmcS_over_modelmcS_Int[x|FULL] = 0.0141774), !coefficients=(mcNe_frac = 129501,mcMg_frac = 131399,mcSi_frac = 129941,mcS_frac = 124396)
     getLogVal() top-level p.d.f not greater than zero @ !refCoefNorm=(x = 14), !pdfs=(modelmcNe_over_modelmcNe_Int[x|FULL] = 0.000583415,modelmcMg_over_modelmcMg_Int[x|FULL] = 0.00410619,modelmcSi_over_modelmcSi_Int[x|FULL] = 0.821185,modelmcS_over_modelmcS_Int[x|FULL] = 0.0141774), !coefficients=(mcNe_frac = 129501,mcMg_frac = 131399,mcSi_frac = 129941,mcS_frac = 124396)
     getLogVal() top-level p.d.f not greater than zero @ !refCoefNorm=(x = 14), !pdfs=(modelmcNe_over_modelmcNe_Int[x|FULL] = 0.000583415,modelmcMg_over_modelmcMg_Int[x|FULL] = 0.00410619,modelmcSi_over_modelmcSi_Int[x|FULL] = 0.821185,modelmcS_over_modelmcS_Int[x|FULL] = 0.0141774), !coefficients=(mcNe_frac = 129501,mcMg_frac = 131399,mcSi_frac = 129941,mcS_frac = 124396)
     getLogVal() top-level p.d.f not greater than zero @ !refCoefNorm=(x = 14), !pdfs=(modelmcNe_over_modelmcNe_Int[x|FULL] = 0.000583415,modelmcMg_over_modelmcMg_Int[x|FULL] = 0.00410619,modelmcSi_over_modelmcSi_Int[x|FULL] = 0.821185,modelmcS_over_modelmcS_Int[x|FULL] = 0.0141774), !coefficients=(mcNe_frac = 129501,mcMg_frac = 131399,mcSi_frac = 129941,mcS_frac = 124396)
     getLogVal() top-level p.d.f not greater than zero @ !refCoefNorm=(x = 14), !pdfs=(modelmcNe_over_modelmcNe_Int[x|FULL] = 0.000583415,modelmcMg_over_modelmcMg_Int[x|FULL] = 0.00410619,modelmcSi_over_modelmcSi_Int[x|FULL] = 0.821185,modelmcS_over_modelmcS_Int[x|FULL] = 0.0141774), !coefficients=(mcNe_frac = 129501,mcMg_frac = 131399,mcSi_frac = 129941,mcS_frac = 124396)
     getLogVal() top-level p.d.f not greater than zero @ !refCoefNorm=(x = 14), !pdfs=(modelmcNe_over_modelmcNe_Int[x|FULL] = 0.000583415,modelmcMg_over_modelmcMg_Int[x|FULL] = 0.00410619,modelmcSi_over_modelmcSi_Int[x|FULL] = 0.821185,modelmcS_over_modelmcS_Int[x|FULL] = 0.0141774), !coefficients=(mcNe_frac = 129501,mcMg_frac = 131399,mcSi_frac = 129941,mcS_frac = 124396)
     getLogVal() top-level p.d.f not greater than zero @ !refCoefNorm=(x = 14), !pdfs=(modelmcNe_over_modelmcNe_Int[x|FULL] = 0.000583415,modelmcMg_over_modelmcMg_Int[x|FULL] = 0.00410619,modelmcSi_over_modelmcSi_Int[x|FULL] = 0.821185,modelmcS_over_modelmcS_Int[x|FULL] = 0.0141774), !coefficients=(mcNe_frac = 129501,mcMg_frac = 131399,mcSi_frac = 129941,mcS_frac = 124396)
    ... (remaining 15 messages suppressed)

RooAbsMinimizerFcn: Minimized function has error status.
Returning maximum FCN so far (-inf) to force MIGRAD to back out of this region. Error log follows.
Parameter values: 	mcMg_frac=130046	mcNe_frac=129501	mcS_frac=124396	mcSi_frac=129941
RooAddPdf::model[ mcNe_frac * modelmcNe_over_modelmcNe_Int[x|FULL] + mcMg_frac * modelmcMg_over_modelmcMg_Int[x|FULL] + mcSi_frac * modelmcSi_over_modelmcSi_Int[x|FULL] + mcS_frac * modelmcS_over_modelmcS_Int[x|FULL] ]
     getLogVal() top-level p.d.f not greater than zero @ !refCoefNorm=(x = 14), !pdfs=(modelmcNe_over_modelmcNe_Int[x|FULL] = 0.000583415,modelmcMg_over_modelmcMg_Int[x|FULL] = 0.00410619,modelmcSi_over_modelmcSi_Int[x|FULL] = 0.821185,modelmcS_over_modelmcS_Int[x|FULL] = 0.0141774), !coefficients=(mcNe_frac = 129501,mcMg_frac = 130046,mcSi_frac = 129941,mcS_frac = 124396)
     getLogVal() top-level p.d.f not greater than zero @ !refCoefNorm=(x = 14), !pdfs=(modelmcNe_over_modelmcNe_Int[x|FULL] = 0.000583415,modelmcMg_over_modelmcMg_Int[x|FULL] = 0.00410619,modelmcSi_over_modelmcSi_Int[x|FULL] = 0.821185,modelmcS_over_modelmcS_Int[x|FULL] = 0.0141774), !coefficients=(mcNe_frac = 129501,mcMg_frac = 130046,mcSi_frac = 129941,mcS_frac = 124396)
     getLogVal() top-level p.d.f not greater than zero @ !refCoefNorm=(x = 14), !pdfs=(modelmcNe_over_modelmcNe_Int[x|FULL] = 0.000583415,modelmcMg_over_modelmcMg_Int[x|FULL] = 0.00410619,modelmcSi_over_modelmcSi_Int[x|FULL] = 0.821185,modelmcS_over_modelmcS_Int[x|FULL] = 0.0141774), !coefficients=(mcNe_frac = 129501,mcMg_frac = 130046,mcSi_frac = 129941,mcS_frac = 124396)
     getLogVal() top-level p.d.f not greater than zero @ !refCoefNorm=(x = 14), !pdfs=(modelmcNe_over_modelmcNe_Int[x|FULL] = 0.000583415,modelmcMg_over_modelmcMg_Int[x|FULL] = 0.00410619,modelmcSi_over_modelmcSi_Int[x|FULL] = 0.821185,modelmcS_over_modelmcS_Int[x|FULL] = 0.0141774), !coefficients=(mcNe_frac = 129501,mcMg_frac = 130046,mcSi_frac = 129941,mcS_frac = 124396)
     getLogVal() top-level p.d.f not greater than zero @ !refCoefNorm=(x = 14), !pdfs=(modelmcNe_over_modelmcNe_Int[x|FULL] = 0.000583415,modelmcMg_over_modelmcMg_Int[x|FULL] = 0.00410619,modelmcSi_over_modelmcSi_Int[x|FULL] = 0.821185,modelmcS_over_modelmcS_Int[x|FULL] = 0.0141774), !coefficients=(mcNe_frac = 129501,mcMg_frac = 130046,mcSi_frac = 129941,mcS_frac = 124396)
     getLogVal() top-level p.d.f not greater than zero @ !refCoefNorm=(x = 14), !pdfs=(modelmcNe_over_modelmcNe_Int[x|FULL] = 0.000583415,modelmcMg_over_modelmcMg_Int[x|FULL] = 0.00410619,modelmcSi_over_modelmcSi_Int[x|FULL] = 0.821185,modelmcS_over_modelmcS_Int[x|FULL] = 0.0141774), !coefficients=(mcNe_frac = 129501,mcMg_frac = 130046,mcSi_frac = 129941,mcS_frac = 124396)
     getLogVal() top-level p.d.f not greater than zero @ !refCoefNorm=(x = 14), !pdfs=(modelmcNe_over_modelmcNe_Int[x|FULL] = 0.000583415,modelmcMg_over_modelmcMg_Int[x|FULL] = 0.00410619,modelmcSi_over_modelmcSi_Int[x|FULL] = 0.821185,modelmcS_over_modelmcS_Int[x|FULL] = 0.0141774), !coefficients=(mcNe_frac = 129501,mcMg_frac = 130046,mcSi_frac = 129941,mcS_frac = 124396)
     getLogVal() top-level p.d.f not greater than zero @ !refCoefNorm=(x = 14), !pdfs=(modelmcNe_over_modelmcNe_Int[x|FULL] = 0.000583415,modelmcMg_over_modelmcMg_Int[x|FULL] = 0.00410619,modelmcSi_over_modelmcSi_Int[x|FULL] = 0.821185,modelmcS_over_modelmcS_Int[x|FULL] = 0.0141774), !coefficients=(mcNe_frac = 129501,mcMg_frac = 130046,mcSi_frac = 129941,mcS_frac = 124396)
     getLogVal() top-level p.d.f not greater than zero @ !refCoefNorm=(x = 14), !pdfs=(modelmcNe_over_modelmcNe_Int[x|FULL] = 0.000583415,modelmcMg_over_modelmcMg_Int[x|FULL] = 0.00410619,modelmcSi_over_modelmcSi_Int[x|FULL] = 0.821185,modelmcS_over_modelmcS_Int[x|FULL] = 0.0141774), !coefficients=(mcNe_frac = 129501,mcMg_frac = 130046,mcSi_frac = 129941,mcS_frac = 124396)
     getLogVal() top-level p.d.f not greater than zero @ !refCoefNorm=(x = 14), !pdfs=(modelmcNe_over_modelmcNe_Int[x|FULL] = 0.000583415,modelmcMg_over_modelmcMg_Int[x|FULL] = 0.00410619,modelmcSi_over_modelmcSi_Int[x|FULL] = 0.821185,modelmcS_over_modelmcS_Int[x|FULL] = 0.0141774), !coefficients=(mcNe_frac = 129501,mcMg_frac = 130046,mcSi_frac = 129941,mcS_frac = 124396)
     getLogVal() top-level p.d.f not greater than zero @ !refCoefNorm=(x = 14), !pdfs=(modelmcNe_over_modelmcNe_Int[x|FULL] = 0.000583415,modelmcMg_over_modelmcMg_Int[x|FULL] = 0.00410619,modelmcSi_over_modelmcSi_Int[x|FULL] = 0.821185,modelmcS_over_modelmcS_Int[x|FULL] = 0.0141774), !coefficients=(mcNe_frac = 129501,mcMg_frac = 130046,mcSi_frac = 129941,mcS_frac = 124396)
     getLogVal() top-level p.d.f not greater than zero @ !refCoefNorm=(x = 14), !pdfs=(modelmcNe_over_modelmcNe_Int[x|FULL] = 0.000583415,modelmcMg_over_modelmcMg_Int[x|FULL] = 0.00410619,modelmcSi_over_modelmcSi_Int[x|FULL] = 0.821185,modelmcS_over_modelmcS_Int[x|FULL] = 0.0141774), !coefficients=(mcNe_frac = 129501,mcMg_frac = 130046,mcSi_frac = 129941,mcS_frac = 124396)
    ... (remaining 15 messages suppressed)

RooAbsMinimizerFcn: Minimized function has error status.
Returning maximum FCN so far (-inf) to force MIGRAD to back out of this region. Error log follows.
Parameter values: 	mcMg_frac=137569	mcNe_frac=129501	mcS_frac=124396	mcSi_frac=129941
RooAddPdf::model[ mcNe_frac * modelmcNe_over_modelmcNe_Int[x|FULL] + mcMg_frac * modelmcMg_over_modelmcMg_Int[x|FULL] + mcSi_frac * modelmcSi_over_modelmcSi_Int[x|FULL] + mcS_frac * modelmcS_over_modelmcS_Int[x|FULL] ]
     getLogVal() top-level p.d.f not greater than zero @ !refCoefNorm=(x = 14), !pdfs=(modelmcNe_over_modelmcNe_Int[x|FULL] = 0.000583415,modelmcMg_over_modelmcMg_Int[x|FULL] = 0.00410619,modelmcSi_over_modelmcSi_Int[x|FULL] = 0.821185,modelmcS_over_modelmcS_Int[x|FULL] = 0.0141774), !coefficients=(mcNe_frac = 129501,mcMg_frac = 137569,mcSi_frac = 129941,mcS_frac = 124396)
     getLogVal() top-level p.d.f not greater than zero @ !refCoefNorm=(x = 14), !pdfs=(modelmcNe_over_modelmcNe_Int[x|FULL] = 0.000583415,modelmcMg_over_modelmcMg_Int[x|FULL] = 0.00410619,modelmcSi_over_modelmcSi_Int[x|FULL] = 0.821185,modelmcS_over_modelmcS_Int[x|FULL] = 0.0141774), !coefficients=(mcNe_frac = 129501,mcMg_frac = 137569,mcSi_frac = 129941,mcS_frac = 124396)
     getLogVal() top-level p.d.f not greater than zero @ !refCoefNorm=(x = 14), !pdfs=(modelmcNe_over_modelmcNe_Int[x|FULL] = 0.000583415,modelmcMg_over_modelmcMg_Int[x|FULL] = 0.00410619,modelmcSi_over_modelmcSi_Int[x|FULL] = 0.821185,modelmcS_over_modelmcS_Int[x|FULL] = 0.0141774), !coefficients=(mcNe_frac = 129501,mcMg_frac = 137569,mcSi_frac = 129941,mcS_frac = 124396)
     getLogVal() top-level p.d.f not greater than zero @ !refCoefNorm=(x = 14), !pdfs=(modelmcNe_over_modelmcNe_Int[x|FULL] = 0.000583415,modelmcMg_over_modelmcMg_Int[x|FULL] = 0.00410619,modelmcSi_over_modelmcSi_Int[x|FULL] = 0.821185,modelmcS_over_modelmcS_Int[x|FULL] = 0.0141774), !coefficients=(mcNe_frac = 129501,mcMg_frac = 137569,mcSi_frac = 129941,mcS_frac = 124396)
     getLogVal() top-level p.d.f not greater than zero @ !refCoefNorm=(x = 14), !pdfs=(modelmcNe_over_modelmcNe_Int[x|FULL] = 0.000583415,modelmcMg_over_modelmcMg_Int[x|FULL] = 0.00410619,modelmcSi_over_modelmcSi_Int[x|FULL] = 0.821185,modelmcS_over_modelmcS_Int[x|FULL] = 0.0141774), !coefficients=(mcNe_frac = 129501,mcMg_frac = 137569,mcSi_frac = 129941,mcS_frac = 124396)
     getLogVal() top-level p.d.f not greater than zero @ !refCoefNorm=(x = 14), !pdfs=(modelmcNe_over_modelmcNe_Int[x|FULL] = 0.000583415,modelmcMg_over_modelmcMg_Int[x|FULL] = 0.00410619,modelmcSi_over_modelmcSi_Int[x|FULL] = 0.821185,modelmcS_over_modelmcS_Int[x|FULL] = 0.0141774), !coefficients=(mcNe_frac = 129501,mcMg_frac = 137569,mcSi_frac = 129941,mcS_frac = 124396)
     getLogVal() top-level p.d.f not greater than zero @ !refCoefNorm=(x = 14), !pdfs=(modelmcNe_over_modelmcNe_Int[x|FULL] = 0.000583415,modelmcMg_over_modelmcMg_Int[x|FULL] = 0.00410619,modelmcSi_over_modelmcSi_Int[x|FULL] = 0.821185,modelmcS_over_modelmcS_Int[x|FULL] = 0.0141774), !coefficients=(mcNe_frac = 129501,mcMg_frac = 137569,mcSi_frac = 129941,mcS_frac = 124396)
     getLogVal() top-level p.d.f not greater than zero @ !refCoefNorm=(x = 14), !pdfs=(modelmcNe_over_modelmcNe_Int[x|FULL] = 0.000583415,modelmcMg_over_modelmcMg_Int[x|FULL] = 0.00410619,modelmcSi_over_modelmcSi_Int[x|FULL] = 0.821185,modelmcS_over_modelmcS_Int[x|FULL] = 0.0141774), !coefficients=(mcNe_frac = 129501,mcMg_frac = 137569,mcSi_frac = 129941,mcS_frac = 124396)
     getLogVal() top-level p.d.f not greater than zero @ !refCoefNorm=(x = 14), !pdfs=(modelmcNe_over_modelmcNe_Int[x|FULL] = 0.000583415,modelmcMg_over_modelmcMg_Int[x|FULL] = 0.00410619,modelmcSi_over_modelmcSi_Int[x|FULL] = 0.821185,modelmcS_over_modelmcS_Int[x|FULL] = 0.0141774), !coefficients=(mcNe_frac = 129501,mcMg_frac = 137569,mcSi_frac = 129941,mcS_frac = 124396)
     getLogVal() top-level p.d.f not greater than zero @ !refCoefNorm=(x = 14), !pdfs=(modelmcNe_over_modelmcNe_Int[x|FULL] = 0.000583415,modelmcMg_over_modelmcMg_Int[x|FULL] = 0.00410619,modelmcSi_over_modelmcSi_Int[x|FULL] = 0.821185,modelmcS_over_modelmcS_Int[x|FULL] = 0.0141774), !coefficients=(mcNe_frac = 129501,mcMg_frac = 137569,mcSi_frac = 129941,mcS_frac = 124396)
     getLogVal() top-level p.d.f not greater than zero @ !refCoefNorm=(x = 14), !pdfs=(modelmcNe_over_modelmcNe_Int[x|FULL] = 0.000583415,modelmcMg_over_modelmcMg_Int[x|FULL] = 0.00410619,modelmcSi_over_modelmcSi_Int[x|FULL] = 0.821185,modelmcS_over_modelmcS_Int[x|FULL] = 0.0141774), !coefficients=(mcNe_frac = 129501,mcMg_frac = 137569,mcSi_frac = 129941,mcS_frac = 124396)
     getLogVal() top-level p.d.f not greater than zero @ !refCoefNorm=(x = 14), !pdfs=(modelmcNe_over_modelmcNe_Int[x|FULL] = 0.000583415,modelmcMg_over_modelmcMg_Int[x|FULL] = 0.00410619,modelmcSi_over_modelmcSi_Int[x|FULL] = 0.821185,modelmcS_over_modelmcS_Int[x|FULL] = 0.0141774), !coefficients=(mcNe_frac = 129501,mcMg_frac = 137569,mcSi_frac = 129941,mcS_frac = 124396)
    ... (remaining 15 messages suppressed)

RooAbsMinimizerFcn: Minimized function has error status.
Returning maximum FCN so far (-inf) to force MIGRAD to back out of this region. Error log follows.
Parameter values: 	mcMg_frac=124044	mcNe_frac=129501	mcS_frac=124396	mcSi_frac=129941
RooAddPdf::model[ mcNe_frac * modelmcNe_over_modelmcNe_Int[x|FULL] + mcMg_frac * modelmcMg_over_modelmcMg_Int[x|FULL] + mcSi_frac * modelmcSi_over_modelmcSi_Int[x|FULL] + mcS_frac * modelmcS_over_modelmcS_Int[x|FULL] ]
     getLogVal() top-level p.d.f not greater than zero @ !refCoefNorm=(x = 14), !pdfs=(modelmcNe_over_modelmcNe_Int[x|FULL] = 0.000583415,modelmcMg_over_modelmcMg_Int[x|FULL] = 0.00410619,modelmcSi_over_modelmcSi_Int[x|FULL] = 0.821185,modelmcS_over_modelmcS_Int[x|FULL] = 0.0141774), !coefficients=(mcNe_frac = 129501,mcMg_frac = 124044,mcSi_frac = 129941,mcS_frac = 124396)
     getLogVal() top-level p.d.f not greater than zero @ !refCoefNorm=(x = 14), !pdfs=(modelmcNe_over_modelmcNe_Int[x|FULL] = 0.000583415,modelmcMg_over_modelmcMg_Int[x|FULL] = 0.00410619,modelmcSi_over_modelmcSi_Int[x|FULL] = 0.821185,modelmcS_over_modelmcS_Int[x|FULL] = 0.0141774), !coefficients=(mcNe_frac = 129501,mcMg_frac = 124044,mcSi_frac = 129941,mcS_frac = 124396)
     getLogVal() top-level p.d.f not greater than zero @ !refCoefNorm=(x = 14), !pdfs=(modelmcNe_over_modelmcNe_Int[x|FULL] = 0.000583415,modelmcMg_over_modelmcMg_Int[x|FULL] = 0.00410619,modelmcSi_over_modelmcSi_Int[x|FULL] = 0.821185,modelmcS_over_modelmcS_Int[x|FULL] = 0.0141774), !coefficients=(mcNe_frac = 129501,mcMg_frac = 124044,mcSi_frac = 129941,mcS_frac = 124396)
     getLogVal() top-level p.d.f not greater than zero @ !refCoefNorm=(x = 14), !pdfs=(modelmcNe_over_modelmcNe_Int[x|FULL] = 0.000583415,modelmcMg_over_modelmcMg_Int[x|FULL] = 0.00410619,modelmcSi_over_modelmcSi_Int[x|FULL] = 0.821185,modelmcS_over_modelmcS_Int[x|FULL] = 0.0141774), !coefficients=(mcNe_frac = 129501,mcMg_frac = 124044,mcSi_frac = 129941,mcS_frac = 124396)
     getLogVal() top-level p.d.f not greater than zero @ !refCoefNorm=(x = 14), !pdfs=(modelmcNe_over_modelmcNe_Int[x|FULL] = 0.000583415,modelmcMg_over_modelmcMg_Int[x|FULL] = 0.00410619,modelmcSi_over_modelmcSi_Int[x|FULL] = 0.821185,modelmcS_over_modelmcS_Int[x|FULL] = 0.0141774), !coefficients=(mcNe_frac = 129501,mcMg_frac = 124044,mcSi_frac = 129941,mcS_frac = 124396)
     getLogVal() top-level p.d.f not greater than zero @ !refCoefNorm=(x = 14), !pdfs=(modelmcNe_over_modelmcNe_Int[x|FULL] = 0.000583415,modelmcMg_over_modelmcMg_Int[x|FULL] = 0.00410619,modelmcSi_over_modelmcSi_Int[x|FULL] = 0.821185,modelmcS_over_modelmcS_Int[x|FULL] = 0.0141774), !coefficients=(mcNe_frac = 129501,mcMg_frac = 124044,mcSi_frac = 129941,mcS_frac = 124396)
     getLogVal() top-level p.d.f not greater than zero @ !refCoefNorm=(x = 14), !pdfs=(modelmcNe_over_modelmcNe_Int[x|FULL] = 0.000583415,modelmcMg_over_modelmcMg_Int[x|FULL] = 0.00410619,modelmcSi_over_modelmcSi_Int[x|FULL] = 0.821185,modelmcS_over_modelmcS_Int[x|FULL] = 0.0141774), !coefficients=(mcNe_frac = 129501,mcMg_frac = 124044,mcSi_frac = 129941,mcS_frac = 124396)
     getLogVal() top-level p.d.f not greater than zero @ !refCoefNorm=(x = 14), !pdfs=(modelmcNe_over_modelmcNe_Int[x|FULL] = 0.000583415,modelmcMg_over_modelmcMg_Int[x|FULL] = 0.00410619,modelmcSi_over_modelmcSi_Int[x|FULL] = 0.821185,modelmcS_over_modelmcS_Int[x|FULL] = 0.0141774), !coefficients=(mcNe_frac = 129501,mcMg_frac = 124044,mcSi_frac = 129941,mcS_frac = 124396)
     getLogVal() top-level p.d.f not greater than zero @ !refCoefNorm=(x = 14), !pdfs=(modelmcNe_over_modelmcNe_Int[x|FULL] = 0.000583415,modelmcMg_over_modelmcMg_Int[x|FULL] = 0.00410619,modelmcSi_over_modelmcSi_Int[x|FULL] = 0.821185,modelmcS_over_modelmcS_Int[x|FULL] = 0.0141774), !coefficients=(mcNe_frac = 129501,mcMg_frac = 124044,mcSi_frac = 129941,mcS_frac = 124396)
     getLogVal() top-level p.d.f not greater than zero @ !refCoefNorm=(x = 14), !pdfs=(modelmcNe_over_modelmcNe_Int[x|FULL] = 0.000583415,modelmcMg_over_modelmcMg_Int[x|FULL] = 0.00410619,modelmcSi_over_modelmcSi_Int[x|FULL] = 0.821185,modelmcS_over_modelmcS_Int[x|FULL] = 0.0141774), !coefficients=(mcNe_frac = 129501,mcMg_frac = 124044,mcSi_frac = 129941,mcS_frac = 124396)
     getLogVal() top-level p.d.f not greater than zero @ !refCoefNorm=(x = 14), !pdfs=(modelmcNe_over_modelmcNe_Int[x|FULL] = 0.000583415,modelmcMg_over_modelmcMg_Int[x|FULL] = 0.00410619,modelmcSi_over_modelmcSi_Int[x|FULL] = 0.821185,modelmcS_over_modelmcS_Int[x|FULL] = 0.0141774), !coefficients=(mcNe_frac = 129501,mcMg_frac = 124044,mcSi_frac = 129941,mcS_frac = 124396)
     getLogVal() top-level p.d.f not greater than zero @ !refCoefNorm=(x = 14), !pdfs=(modelmcNe_over_modelmcNe_Int[x|FULL] = 0.000583415,modelmcMg_over_modelmcMg_Int[x|FULL] = 0.00410619,modelmcSi_over_modelmcSi_Int[x|FULL] = 0.821185,modelmcS_over_modelmcS_Int[x|FULL] = 0.0141774), !coefficients=(mcNe_frac = 129501,mcMg_frac = 124044,mcSi_frac = 129941,mcS_frac = 124396)
    ... (remaining 15 messages suppressed)

RooAbsMinimizerFcn: Minimized function has error status.
Returning maximum FCN so far (-inf) to force MIGRAD to back out of this region. Error log follows.
Parameter values: 	mcMg_frac=130721	mcNe_frac=130172	mcS_frac=124396	mcSi_frac=129941
RooAddPdf::model[ mcNe_frac * modelmcNe_over_modelmcNe_Int[x|FULL] + mcMg_frac * modelmcMg_over_modelmcMg_Int[x|FULL] + mcSi_frac * modelmcSi_over_modelmcSi_Int[x|FULL] + mcS_frac * modelmcS_over_modelmcS_Int[x|FULL] ]
     getLogVal() top-level p.d.f not greater than zero @ !refCoefNorm=(x = 14), !pdfs=(modelmcNe_over_modelmcNe_Int[x|FULL] = 0.000583415,modelmcMg_over_modelmcMg_Int[x|FULL] = 0.00410619,modelmcSi_over_modelmcSi_Int[x|FULL] = 0.821185,modelmcS_over_modelmcS_Int[x|FULL] = 0.0141774), !coefficients=(mcNe_frac = 130172,mcMg_frac = 130721,mcSi_frac = 129941,mcS_frac = 124396)
     getLogVal() top-level p.d.f not greater than zero @ !refCoefNorm=(x = 14), !pdfs=(modelmcNe_over_modelmcNe_Int[x|FULL] = 0.000583415,modelmcMg_over_modelmcMg_Int[x|FULL] = 0.00410619,modelmcSi_over_modelmcSi_Int[x|FULL] = 0.821185,modelmcS_over_modelmcS_Int[x|FULL] = 0.0141774), !coefficients=(mcNe_frac = 130172,mcMg_frac = 130721,mcSi_frac = 129941,mcS_frac = 124396)
     getLogVal() top-level p.d.f not greater than zero @ !refCoefNorm=(x = 14), !pdfs=(modelmcNe_over_modelmcNe_Int[x|FULL] = 0.000583415,modelmcMg_over_modelmcMg_Int[x|FULL] = 0.00410619,modelmcSi_over_modelmcSi_Int[x|FULL] = 0.821185,modelmcS_over_modelmcS_Int[x|FULL] = 0.0141774), !coefficients=(mcNe_frac = 130172,mcMg_frac = 130721,mcSi_frac = 129941,mcS_frac = 124396)
     getLogVal() top-level p.d.f not greater than zero @ !refCoefNorm=(x = 14), !pdfs=(modelmcNe_over_modelmcNe_Int[x|FULL] = 0.000583415,modelmcMg_over_modelmcMg_Int[x|FULL] = 0.00410619,modelmcSi_over_modelmcSi_Int[x|FULL] = 0.821185,modelmcS_over_modelmcS_Int[x|FULL] = 0.0141774), !coefficients=(mcNe_frac = 130172,mcMg_frac = 130721,mcSi_frac = 129941,mcS_frac = 124396)
     getLogVal() top-level p.d.f not greater than zero @ !refCoefNorm=(x = 14), !pdfs=(modelmcNe_over_modelmcNe_Int[x|FULL] = 0.000583415,modelmcMg_over_modelmcMg_Int[x|FULL] = 0.00410619,modelmcSi_over_modelmcSi_Int[x|FULL] = 0.821185,modelmcS_over_modelmcS_Int[x|FULL] = 0.0141774), !coefficients=(mcNe_frac = 130172,mcMg_frac = 130721,mcSi_frac = 129941,mcS_frac = 124396)
     getLogVal() top-level p.d.f not greater than zero @ !refCoefNorm=(x = 14), !pdfs=(modelmcNe_over_modelmcNe_Int[x|FULL] = 0.000583415,modelmcMg_over_modelmcMg_Int[x|FULL] = 0.00410619,modelmcSi_over_modelmcSi_Int[x|FULL] = 0.821185,modelmcS_over_modelmcS_Int[x|FULL] = 0.0141774), !coefficients=(mcNe_frac = 130172,mcMg_frac = 130721,mcSi_frac = 129941,mcS_frac = 124396)
     getLogVal() top-level p.d.f not greater than zero @ !refCoefNorm=(x = 14), !pdfs=(modelmcNe_over_modelmcNe_Int[x|FULL] = 0.000583415,modelmcMg_over_modelmcMg_Int[x|FULL] = 0.00410619,modelmcSi_over_modelmcSi_Int[x|FULL] = 0.821185,modelmcS_over_modelmcS_Int[x|FULL] = 0.0141774), !coefficients=(mcNe_frac = 130172,mcMg_frac = 130721,mcSi_frac = 129941,mcS_frac = 124396)
     getLogVal() top-level p.d.f not greater than zero @ !refCoefNorm=(x = 14), !pdfs=(modelmcNe_over_modelmcNe_Int[x|FULL] = 0.000583415,modelmcMg_over_modelmcMg_Int[x|FULL] = 0.00410619,modelmcSi_over_modelmcSi_Int[x|FULL] = 0.821185,modelmcS_over_modelmcS_Int[x|FULL] = 0.0141774), !coefficients=(mcNe_frac = 130172,mcMg_frac = 130721,mcSi_frac = 129941,mcS_frac = 124396)
     getLogVal() top-level p.d.f not greater than zero @ !refCoefNorm=(x = 14), !pdfs=(modelmcNe_over_modelmcNe_Int[x|FULL] = 0.000583415,modelmcMg_over_modelmcMg_Int[x|FULL] = 0.00410619,modelmcSi_over_modelmcSi_Int[x|FULL] = 0.821185,modelmcS_over_modelmcS_Int[x|FULL] = 0.0141774), !coefficients=(mcNe_frac = 130172,mcMg_frac = 130721,mcSi_frac = 129941,mcS_frac = 124396)
     getLogVal() top-level p.d.f not greater than zero @ !refCoefNorm=(x = 14), !pdfs=(modelmcNe_over_modelmcNe_Int[x|FULL] = 0.000583415,modelmcMg_over_modelmcMg_Int[x|FULL] = 0.00410619,modelmcSi_over_modelmcSi_Int[x|FULL] = 0.821185,modelmcS_over_modelmcS_Int[x|FULL] = 0.0141774), !coefficients=(mcNe_frac = 130172,mcMg_frac = 130721,mcSi_frac = 129941,mcS_frac = 124396)
     getLogVal() top-level p.d.f not greater than zero @ !refCoefNorm=(x = 14), !pdfs=(modelmcNe_over_modelmcNe_Int[x|FULL] = 0.000583415,modelmcMg_over_modelmcMg_Int[x|FULL] = 0.00410619,modelmcSi_over_modelmcSi_Int[x|FULL] = 0.821185,modelmcS_over_modelmcS_Int[x|FULL] = 0.0141774), !coefficients=(mcNe_frac = 130172,mcMg_frac = 130721,mcSi_frac = 129941,mcS_frac = 124396)
     getLogVal() top-level p.d.f not greater than zero @ !refCoefNorm=(x = 14), !pdfs=(modelmcNe_over_modelmcNe_Int[x|FULL] = 0.000583415,modelmcMg_over_modelmcMg_Int[x|FULL] = 0.00410619,modelmcSi_over_modelmcSi_Int[x|FULL] = 0.821185,modelmcS_over_modelmcS_Int[x|FULL] = 0.0141774), !coefficients=(mcNe_frac = 130172,mcMg_frac = 130721,mcSi_frac = 129941,mcS_frac = 124396)
    ... (remaining 15 messages suppressed)

RooAbsMinimizerFcn: Minimized function has error status.
Returning maximum FCN so far (-inf) to force MIGRAD to back out of this region. Error log follows.
Parameter values: 	mcMg_frac=130721	mcNe_frac=128832	mcS_frac=124396	mcSi_frac=129941
RooAddPdf::model[ mcNe_frac * modelmcNe_over_modelmcNe_Int[x|FULL] + mcMg_frac * modelmcMg_over_modelmcMg_Int[x|FULL] + mcSi_frac * modelmcSi_over_modelmcSi_Int[x|FULL] + mcS_frac * modelmcS_over_modelmcS_Int[x|FULL] ]
     getLogVal() top-level p.d.f not greater than zero @ !refCoefNorm=(x = 14), !pdfs=(modelmcNe_over_modelmcNe_Int[x|FULL] = 0.000583415,modelmcMg_over_modelmcMg_Int[x|FULL] = 0.00410619,modelmcSi_over_modelmcSi_Int[x|FULL] = 0.821185,modelmcS_over_modelmcS_Int[x|FULL] = 0.0141774), !coefficients=(mcNe_frac = 128832,mcMg_frac = 130721,mcSi_frac = 129941,mcS_frac = 124396)
     getLogVal() top-level p.d.f not greater than zero @ !refCoefNorm=(x = 14), !pdfs=(modelmcNe_over_modelmcNe_Int[x|FULL] = 0.000583415,modelmcMg_over_modelmcMg_Int[x|FULL] = 0.00410619,modelmcSi_over_modelmcSi_Int[x|FULL] = 0.821185,modelmcS_over_modelmcS_Int[x|FULL] = 0.0141774), !coefficients=(mcNe_frac = 128832,mcMg_frac = 130721,mcSi_frac = 129941,mcS_frac = 124396)
     getLogVal() top-level p.d.f not greater than zero @ !refCoefNorm=(x = 14), !pdfs=(modelmcNe_over_modelmcNe_Int[x|FULL] = 0.000583415,modelmcMg_over_modelmcMg_Int[x|FULL] = 0.00410619,modelmcSi_over_modelmcSi_Int[x|FULL] = 0.821185,modelmcS_over_modelmcS_Int[x|FULL] = 0.0141774), !coefficients=(mcNe_frac = 128832,mcMg_frac = 130721,mcSi_frac = 129941,mcS_frac = 124396)
     getLogVal() top-level p.d.f not greater than zero @ !refCoefNorm=(x = 14), !pdfs=(modelmcNe_over_modelmcNe_Int[x|FULL] = 0.000583415,modelmcMg_over_modelmcMg_Int[x|FULL] = 0.00410619,modelmcSi_over_modelmcSi_Int[x|FULL] = 0.821185,modelmcS_over_modelmcS_Int[x|FULL] = 0.0141774), !coefficients=(mcNe_frac = 128832,mcMg_frac = 130721,mcSi_frac = 129941,mcS_frac = 124396)
     getLogVal() top-level p.d.f not greater than zero @ !refCoefNorm=(x = 14), !pdfs=(modelmcNe_over_modelmcNe_Int[x|FULL] = 0.000583415,modelmcMg_over_modelmcMg_Int[x|FULL] = 0.00410619,modelmcSi_over_modelmcSi_Int[x|FULL] = 0.821185,modelmcS_over_modelmcS_Int[x|FULL] = 0.0141774), !coefficients=(mcNe_frac = 128832,mcMg_frac = 130721,mcSi_frac = 129941,mcS_frac = 124396)
     getLogVal() top-level p.d.f not greater than zero @ !refCoefNorm=(x = 14), !pdfs=(modelmcNe_over_modelmcNe_Int[x|FULL] = 0.000583415,modelmcMg_over_modelmcMg_Int[x|FULL] = 0.00410619,modelmcSi_over_modelmcSi_Int[x|FULL] = 0.821185,modelmcS_over_modelmcS_Int[x|FULL] = 0.0141774), !coefficients=(mcNe_frac = 128832,mcMg_frac = 130721,mcSi_frac = 129941,mcS_frac = 124396)
     getLogVal() top-level p.d.f not greater than zero @ !refCoefNorm=(x = 14), !pdfs=(modelmcNe_over_modelmcNe_Int[x|FULL] = 0.000583415,modelmcMg_over_modelmcMg_Int[x|FULL] = 0.00410619,modelmcSi_over_modelmcSi_Int[x|FULL] = 0.821185,modelmcS_over_modelmcS_Int[x|FULL] = 0.0141774), !coefficients=(mcNe_frac = 128832,mcMg_frac = 130721,mcSi_frac = 129941,mcS_frac = 124396)
     getLogVal() top-level p.d.f not greater than zero @ !refCoefNorm=(x = 14), !pdfs=(modelmcNe_over_modelmcNe_Int[x|FULL] = 0.000583415,modelmcMg_over_modelmcMg_Int[x|FULL] = 0.00410619,modelmcSi_over_modelmcSi_Int[x|FULL] = 0.821185,modelmcS_over_modelmcS_Int[x|FULL] = 0.0141774), !coefficients=(mcNe_frac = 128832,mcMg_frac = 130721,mcSi_frac = 129941,mcS_frac = 124396)
     getLogVal() top-level p.d.f not greater than zero @ !refCoefNorm=(x = 14), !pdfs=(modelmcNe_over_modelmcNe_Int[x|FULL] = 0.000583415,modelmcMg_over_modelmcMg_Int[x|FULL] = 0.00410619,modelmcSi_over_modelmcSi_Int[x|FULL] = 0.821185,modelmcS_over_modelmcS_Int[x|FULL] = 0.0141774), !coefficients=(mcNe_frac = 128832,mcMg_frac = 130721,mcSi_frac = 129941,mcS_frac = 124396)
     getLogVal() top-level p.d.f not greater than zero @ !refCoefNorm=(x = 14), !pdfs=(modelmcNe_over_modelmcNe_Int[x|FULL] = 0.000583415,modelmcMg_over_modelmcMg_Int[x|FULL] = 0.00410619,modelmcSi_over_modelmcSi_Int[x|FULL] = 0.821185,modelmcS_over_modelmcS_Int[x|FULL] = 0.0141774), !coefficients=(mcNe_frac = 128832,mcMg_frac = 130721,mcSi_frac = 129941,mcS_frac = 124396)
     getLogVal() top-level p.d.f not greater than zero @ !refCoefNorm=(x = 14), !pdfs=(modelmcNe_over_modelmcNe_Int[x|FULL] = 0.000583415,modelmcMg_over_modelmcMg_Int[x|FULL] = 0.00410619,modelmcSi_over_modelmcSi_Int[x|FULL] = 0.821185,modelmcS_over_modelmcS_Int[x|FULL] = 0.0141774), !coefficients=(mcNe_frac = 128832,mcMg_frac = 130721,mcSi_frac = 129941,mcS_frac = 124396)
     getLogVal() top-level p.d.f not greater than zero @ !refCoefNorm=(x = 14), !pdfs=(modelmcNe_over_modelmcNe_Int[x|FULL] = 0.000583415,modelmcMg_over_modelmcMg_Int[x|FULL] = 0.00410619,modelmcSi_over_modelmcSi_Int[x|FULL] = 0.821185,modelmcS_over_modelmcS_Int[x|FULL] = 0.0141774), !coefficients=(mcNe_frac = 128832,mcMg_frac = 130721,mcSi_frac = 129941,mcS_frac = 124396)
    ... (remaining 15 messages suppressed)

RooAbsMinimizerFcn: Minimized function has error status.
Returning maximum FCN so far (-inf) to force MIGRAD to back out of this region. Error log follows.
Parameter values: 	mcMg_frac=130721	mcNe_frac=136285	mcS_frac=124396	mcSi_frac=129941
RooAddPdf::model[ mcNe_frac * modelmcNe_over_modelmcNe_Int[x|FULL] + mcMg_frac * modelmcMg_over_modelmcMg_Int[x|FULL] + mcSi_frac * modelmcSi_over_modelmcSi_Int[x|FULL] + mcS_frac * modelmcS_over_modelmcS_Int[x|FULL] ]
     getLogVal() top-level p.d.f not greater than zero @ !refCoefNorm=(x = 14), !pdfs=(modelmcNe_over_modelmcNe_Int[x|FULL] = 0.000583415,modelmcMg_over_modelmcMg_Int[x|FULL] = 0.00410619,modelmcSi_over_modelmcSi_Int[x|FULL] = 0.821185,modelmcS_over_modelmcS_Int[x|FULL] = 0.0141774), !coefficients=(mcNe_frac = 136285,mcMg_frac = 130721,mcSi_frac = 129941,mcS_frac = 124396)
     getLogVal() top-level p.d.f not greater than zero @ !refCoefNorm=(x = 14), !pdfs=(modelmcNe_over_modelmcNe_Int[x|FULL] = 0.000583415,modelmcMg_over_modelmcMg_Int[x|FULL] = 0.00410619,modelmcSi_over_modelmcSi_Int[x|FULL] = 0.821185,modelmcS_over_modelmcS_Int[x|FULL] = 0.0141774), !coefficients=(mcNe_frac = 136285,mcMg_frac = 130721,mcSi_frac = 129941,mcS_frac = 124396)
     getLogVal() top-level p.d.f not greater than zero @ !refCoefNorm=(x = 14), !pdfs=(modelmcNe_over_modelmcNe_Int[x|FULL] = 0.000583415,modelmcMg_over_modelmcMg_Int[x|FULL] = 0.00410619,modelmcSi_over_modelmcSi_Int[x|FULL] = 0.821185,modelmcS_over_modelmcS_Int[x|FULL] = 0.0141774), !coefficients=(mcNe_frac = 136285,mcMg_frac = 130721,mcSi_frac = 129941,mcS_frac = 124396)
     getLogVal() top-level p.d.f not greater than zero @ !refCoefNorm=(x = 14), !pdfs=(modelmcNe_over_modelmcNe_Int[x|FULL] = 0.000583415,modelmcMg_over_modelmcMg_Int[x|FULL] = 0.00410619,modelmcSi_over_modelmcSi_Int[x|FULL] = 0.821185,modelmcS_over_modelmcS_Int[x|FULL] = 0.0141774), !coefficients=(mcNe_frac = 136285,mcMg_frac = 130721,mcSi_frac = 129941,mcS_frac = 124396)
     getLogVal() top-level p.d.f not greater than zero @ !refCoefNorm=(x = 14), !pdfs=(modelmcNe_over_modelmcNe_Int[x|FULL] = 0.000583415,modelmcMg_over_modelmcMg_Int[x|FULL] = 0.00410619,modelmcSi_over_modelmcSi_Int[x|FULL] = 0.821185,modelmcS_over_modelmcS_Int[x|FULL] = 0.0141774), !coefficients=(mcNe_frac = 136285,mcMg_frac = 130721,mcSi_frac = 129941,mcS_frac = 124396)
     getLogVal() top-level p.d.f not greater than zero @ !refCoefNorm=(x = 14), !pdfs=(modelmcNe_over_modelmcNe_Int[x|FULL] = 0.000583415,modelmcMg_over_modelmcMg_Int[x|FULL] = 0.00410619,modelmcSi_over_modelmcSi_Int[x|FULL] = 0.821185,modelmcS_over_modelmcS_Int[x|FULL] = 0.0141774), !coefficients=(mcNe_frac = 136285,mcMg_frac = 130721,mcSi_frac = 129941,mcS_frac = 124396)
     getLogVal() top-level p.d.f not greater than zero @ !refCoefNorm=(x = 14), !pdfs=(modelmcNe_over_modelmcNe_Int[x|FULL] = 0.000583415,modelmcMg_over_modelmcMg_Int[x|FULL] = 0.00410619,modelmcSi_over_modelmcSi_Int[x|FULL] = 0.821185,modelmcS_over_modelmcS_Int[x|FULL] = 0.0141774), !coefficients=(mcNe_frac = 136285,mcMg_frac = 130721,mcSi_frac = 129941,mcS_frac = 124396)
     getLogVal() top-level p.d.f not greater than zero @ !refCoefNorm=(x = 14), !pdfs=(modelmcNe_over_modelmcNe_Int[x|FULL] = 0.000583415,modelmcMg_over_modelmcMg_Int[x|FULL] = 0.00410619,modelmcSi_over_modelmcSi_Int[x|FULL] = 0.821185,modelmcS_over_modelmcS_Int[x|FULL] = 0.0141774), !coefficients=(mcNe_frac = 136285,mcMg_frac = 130721,mcSi_frac = 129941,mcS_frac = 124396)
     getLogVal() top-level p.d.f not greater than zero @ !refCoefNorm=(x = 14), !pdfs=(modelmcNe_over_modelmcNe_Int[x|FULL] = 0.000583415,modelmcMg_over_modelmcMg_Int[x|FULL] = 0.00410619,modelmcSi_over_modelmcSi_Int[x|FULL] = 0.821185,modelmcS_over_modelmcS_Int[x|FULL] = 0.0141774), !coefficients=(mcNe_frac = 136285,mcMg_frac = 130721,mcSi_frac = 129941,mcS_frac = 124396)
     getLogVal() top-level p.d.f not greater than zero @ !refCoefNorm=(x = 14), !pdfs=(modelmcNe_over_modelmcNe_Int[x|FULL] = 0.000583415,modelmcMg_over_modelmcMg_Int[x|FULL] = 0.00410619,modelmcSi_over_modelmcSi_Int[x|FULL] = 0.821185,modelmcS_over_modelmcS_Int[x|FULL] = 0.0141774), !coefficients=(mcNe_frac = 136285,mcMg_frac = 130721,mcSi_frac = 129941,mcS_frac = 124396)
     getLogVal() top-level p.d.f not greater than zero @ !refCoefNorm=(x = 14), !pdfs=(modelmcNe_over_modelmcNe_Int[x|FULL] = 0.000583415,modelmcMg_over_modelmcMg_Int[x|FULL] = 0.00410619,modelmcSi_over_modelmcSi_Int[x|FULL] = 0.821185,modelmcS_over_modelmcS_Int[x|FULL] = 0.0141774), !coefficients=(mcNe_frac = 136285,mcMg_frac = 130721,mcSi_frac = 129941,mcS_frac = 124396)
     getLogVal() top-level p.d.f not greater than zero @ !refCoefNorm=(x = 14), !pdfs=(modelmcNe_over_modelmcNe_Int[x|FULL] = 0.000583415,modelmcMg_over_modelmcMg_Int[x|FULL] = 0.00410619,modelmcSi_over_modelmcSi_Int[x|FULL] = 0.821185,modelmcS_over_modelmcS_Int[x|FULL] = 0.0141774), !coefficients=(mcNe_frac = 136285,mcMg_frac = 130721,mcSi_frac = 129941,mcS_frac = 124396)
    ... (remaining 15 messages suppressed)

RooAbsMinimizerFcn: Minimized function has error status.
Returning maximum FCN so far (-inf) to force MIGRAD to back out of this region. Error log follows.
Parameter values: 	mcMg_frac=130721	mcNe_frac=122886	mcS_frac=124396	mcSi_frac=129941
RooAddPdf::model[ mcNe_frac * modelmcNe_over_modelmcNe_Int[x|FULL] + mcMg_frac * modelmcMg_over_modelmcMg_Int[x|FULL] + mcSi_frac * modelmcSi_over_modelmcSi_Int[x|FULL] + mcS_frac * modelmcS_over_modelmcS_Int[x|FULL] ]
     getLogVal() top-level p.d.f not greater than zero @ !refCoefNorm=(x = 14), !pdfs=(modelmcNe_over_modelmcNe_Int[x|FULL] = 0.000583415,modelmcMg_over_modelmcMg_Int[x|FULL] = 0.00410619,modelmcSi_over_modelmcSi_Int[x|FULL] = 0.821185,modelmcS_over_modelmcS_Int[x|FULL] = 0.0141774), !coefficients=(mcNe_frac = 122886,mcMg_frac = 130721,mcSi_frac = 129941,mcS_frac = 124396)
     getLogVal() top-level p.d.f not greater than zero @ !refCoefNorm=(x = 14), !pdfs=(modelmcNe_over_modelmcNe_Int[x|FULL] = 0.000583415,modelmcMg_over_modelmcMg_Int[x|FULL] = 0.00410619,modelmcSi_over_modelmcSi_Int[x|FULL] = 0.821185,modelmcS_over_modelmcS_Int[x|FULL] = 0.0141774), !coefficients=(mcNe_frac = 122886,mcMg_frac = 130721,mcSi_frac = 129941,mcS_frac = 124396)
     getLogVal() top-level p.d.f not greater than zero @ !refCoefNorm=(x = 14), !pdfs=(modelmcNe_over_modelmcNe_Int[x|FULL] = 0.000583415,modelmcMg_over_modelmcMg_Int[x|FULL] = 0.00410619,modelmcSi_over_modelmcSi_Int[x|FULL] = 0.821185,modelmcS_over_modelmcS_Int[x|FULL] = 0.0141774), !coefficients=(mcNe_frac = 122886,mcMg_frac = 130721,mcSi_frac = 129941,mcS_frac = 124396)
     getLogVal() top-level p.d.f not greater than zero @ !refCoefNorm=(x = 14), !pdfs=(modelmcNe_over_modelmcNe_Int[x|FULL] = 0.000583415,modelmcMg_over_modelmcMg_Int[x|FULL] = 0.00410619,modelmcSi_over_modelmcSi_Int[x|FULL] = 0.821185,modelmcS_over_modelmcS_Int[x|FULL] = 0.0141774), !coefficients=(mcNe_frac = 122886,mcMg_frac = 130721,mcSi_frac = 129941,mcS_frac = 124396)
     getLogVal() top-level p.d.f not greater than zero @ !refCoefNorm=(x = 14), !pdfs=(modelmcNe_over_modelmcNe_Int[x|FULL] = 0.000583415,modelmcMg_over_modelmcMg_Int[x|FULL] = 0.00410619,modelmcSi_over_modelmcSi_Int[x|FULL] = 0.821185,modelmcS_over_modelmcS_Int[x|FULL] = 0.0141774), !coefficients=(mcNe_frac = 122886,mcMg_frac = 130721,mcSi_frac = 129941,mcS_frac = 124396)
     getLogVal() top-level p.d.f not greater than zero @ !refCoefNorm=(x = 14), !pdfs=(modelmcNe_over_modelmcNe_Int[x|FULL] = 0.000583415,modelmcMg_over_modelmcMg_Int[x|FULL] = 0.00410619,modelmcSi_over_modelmcSi_Int[x|FULL] = 0.821185,modelmcS_over_modelmcS_Int[x|FULL] = 0.0141774), !coefficients=(mcNe_frac = 122886,mcMg_frac = 130721,mcSi_frac = 129941,mcS_frac = 124396)
     getLogVal() top-level p.d.f not greater than zero @ !refCoefNorm=(x = 14), !pdfs=(modelmcNe_over_modelmcNe_Int[x|FULL] = 0.000583415,modelmcMg_over_modelmcMg_Int[x|FULL] = 0.00410619,modelmcSi_over_modelmcSi_Int[x|FULL] = 0.821185,modelmcS_over_modelmcS_Int[x|FULL] = 0.0141774), !coefficients=(mcNe_frac = 122886,mcMg_frac = 130721,mcSi_frac = 129941,mcS_frac = 124396)
     getLogVal() top-level p.d.f not greater than zero @ !refCoefNorm=(x = 14), !pdfs=(modelmcNe_over_modelmcNe_Int[x|FULL] = 0.000583415,modelmcMg_over_modelmcMg_Int[x|FULL] = 0.00410619,modelmcSi_over_modelmcSi_Int[x|FULL] = 0.821185,modelmcS_over_modelmcS_Int[x|FULL] = 0.0141774), !coefficients=(mcNe_frac = 122886,mcMg_frac = 130721,mcSi_frac = 129941,mcS_frac = 124396)
     getLogVal() top-level p.d.f not greater than zero @ !refCoefNorm=(x = 14), !pdfs=(modelmcNe_over_modelmcNe_Int[x|FULL] = 0.000583415,modelmcMg_over_modelmcMg_Int[x|FULL] = 0.00410619,modelmcSi_over_modelmcSi_Int[x|FULL] = 0.821185,modelmcS_over_modelmcS_Int[x|FULL] = 0.0141774), !coefficients=(mcNe_frac = 122886,mcMg_frac = 130721,mcSi_frac = 129941,mcS_frac = 124396)
     getLogVal() top-level p.d.f not greater than zero @ !refCoefNorm=(x = 14), !pdfs=(modelmcNe_over_modelmcNe_Int[x|FULL] = 0.000583415,modelmcMg_over_modelmcMg_Int[x|FULL] = 0.00410619,modelmcSi_over_modelmcSi_Int[x|FULL] = 0.821185,modelmcS_over_modelmcS_Int[x|FULL] = 0.0141774), !coefficients=(mcNe_frac = 122886,mcMg_frac = 130721,mcSi_frac = 129941,mcS_frac = 124396)
     getLogVal() top-level p.d.f not greater than zero @ !refCoefNorm=(x = 14), !pdfs=(modelmcNe_over_modelmcNe_Int[x|FULL] = 0.000583415,modelmcMg_over_modelmcMg_Int[x|FULL] = 0.00410619,modelmcSi_over_modelmcSi_Int[x|FULL] = 0.821185,modelmcS_over_modelmcS_Int[x|FULL] = 0.0141774), !coefficients=(mcNe_frac = 122886,mcMg_frac = 130721,mcSi_frac = 129941,mcS_frac = 124396)
     getLogVal() top-level p.d.f not greater than zero @ !refCoefNorm=(x = 14), !pdfs=(modelmcNe_over_modelmcNe_Int[x|FULL] = 0.000583415,modelmcMg_over_modelmcMg_Int[x|FULL] = 0.00410619,modelmcSi_over_modelmcSi_Int[x|FULL] = 0.821185,modelmcS_over_modelmcS_Int[x|FULL] = 0.0141774), !coefficients=(mcNe_frac = 122886,mcMg_frac = 130721,mcSi_frac = 129941,mcS_frac = 124396)
    ... (remaining 15 messages suppressed)

RooAbsMinimizerFcn: Minimized function has error status.
Returning maximum FCN so far (-inf) to force MIGRAD to back out of this region. Error log follows.
Parameter values: 	mcMg_frac=130721	mcNe_frac=129501	mcS_frac=125040	mcSi_frac=129941
RooAddPdf::model[ mcNe_frac * modelmcNe_over_modelmcNe_Int[x|FULL] + mcMg_frac * modelmcMg_over_modelmcMg_Int[x|FULL] + mcSi_frac * modelmcSi_over_modelmcSi_Int[x|FULL] + mcS_frac * modelmcS_over_modelmcS_Int[x|FULL] ]
     getLogVal() top-level p.d.f not greater than zero @ !refCoefNorm=(x = 14), !pdfs=(modelmcNe_over_modelmcNe_Int[x|FULL] = 0.000583415,modelmcMg_over_modelmcMg_Int[x|FULL] = 0.00410619,modelmcSi_over_modelmcSi_Int[x|FULL] = 0.821185,modelmcS_over_modelmcS_Int[x|FULL] = 0.0141774), !coefficients=(mcNe_frac = 129501,mcMg_frac = 130721,mcSi_frac = 129941,mcS_frac = 125040)
     getLogVal() top-level p.d.f not greater than zero @ !refCoefNorm=(x = 14), !pdfs=(modelmcNe_over_modelmcNe_Int[x|FULL] = 0.000583415,modelmcMg_over_modelmcMg_Int[x|FULL] = 0.00410619,modelmcSi_over_modelmcSi_Int[x|FULL] = 0.821185,modelmcS_over_modelmcS_Int[x|FULL] = 0.0141774), !coefficients=(mcNe_frac = 129501,mcMg_frac = 130721,mcSi_frac = 129941,mcS_frac = 125040)
     getLogVal() top-level p.d.f not greater than zero @ !refCoefNorm=(x = 14), !pdfs=(modelmcNe_over_modelmcNe_Int[x|FULL] = 0.000583415,modelmcMg_over_modelmcMg_Int[x|FULL] = 0.00410619,modelmcSi_over_modelmcSi_Int[x|FULL] = 0.821185,modelmcS_over_modelmcS_Int[x|FULL] = 0.0141774), !coefficients=(mcNe_frac = 129501,mcMg_frac = 130721,mcSi_frac = 129941,mcS_frac = 125040)
     getLogVal() top-level p.d.f not greater than zero @ !refCoefNorm=(x = 14), !pdfs=(modelmcNe_over_modelmcNe_Int[x|FULL] = 0.000583415,modelmcMg_over_modelmcMg_Int[x|FULL] = 0.00410619,modelmcSi_over_modelmcSi_Int[x|FULL] = 0.821185,modelmcS_over_modelmcS_Int[x|FULL] = 0.0141774), !coefficients=(mcNe_frac = 129501,mcMg_frac = 130721,mcSi_frac = 129941,mcS_frac = 125040)
     getLogVal() top-level p.d.f not greater than zero @ !refCoefNorm=(x = 14), !pdfs=(modelmcNe_over_modelmcNe_Int[x|FULL] = 0.000583415,modelmcMg_over_modelmcMg_Int[x|FULL] = 0.00410619,modelmcSi_over_modelmcSi_Int[x|FULL] = 0.821185,modelmcS_over_modelmcS_Int[x|FULL] = 0.0141774), !coefficients=(mcNe_frac = 129501,mcMg_frac = 130721,mcSi_frac = 129941,mcS_frac = 125040)
     getLogVal() top-level p.d.f not greater than zero @ !refCoefNorm=(x = 14), !pdfs=(modelmcNe_over_modelmcNe_Int[x|FULL] = 0.000583415,modelmcMg_over_modelmcMg_Int[x|FULL] = 0.00410619,modelmcSi_over_modelmcSi_Int[x|FULL] = 0.821185,modelmcS_over_modelmcS_Int[x|FULL] = 0.0141774), !coefficients=(mcNe_frac = 129501,mcMg_frac = 130721,mcSi_frac = 129941,mcS_frac = 125040)
     getLogVal() top-level p.d.f not greater than zero @ !refCoefNorm=(x = 14), !pdfs=(modelmcNe_over_modelmcNe_Int[x|FULL] = 0.000583415,modelmcMg_over_modelmcMg_Int[x|FULL] = 0.00410619,modelmcSi_over_modelmcSi_Int[x|FULL] = 0.821185,modelmcS_over_modelmcS_Int[x|FULL] = 0.0141774), !coefficients=(mcNe_frac = 129501,mcMg_frac = 130721,mcSi_frac = 129941,mcS_frac = 125040)
     getLogVal() top-level p.d.f not greater than zero @ !refCoefNorm=(x = 14), !pdfs=(modelmcNe_over_modelmcNe_Int[x|FULL] = 0.000583415,modelmcMg_over_modelmcMg_Int[x|FULL] = 0.00410619,modelmcSi_over_modelmcSi_Int[x|FULL] = 0.821185,modelmcS_over_modelmcS_Int[x|FULL] = 0.0141774), !coefficients=(mcNe_frac = 129501,mcMg_frac = 130721,mcSi_frac = 129941,mcS_frac = 125040)
     getLogVal() top-level p.d.f not greater than zero @ !refCoefNorm=(x = 14), !pdfs=(modelmcNe_over_modelmcNe_Int[x|FULL] = 0.000583415,modelmcMg_over_modelmcMg_Int[x|FULL] = 0.00410619,modelmcSi_over_modelmcSi_Int[x|FULL] = 0.821185,modelmcS_over_modelmcS_Int[x|FULL] = 0.0141774), !coefficients=(mcNe_frac = 129501,mcMg_frac = 130721,mcSi_frac = 129941,mcS_frac = 125040)
     getLogVal() top-level p.d.f not greater than zero @ !refCoefNorm=(x = 14), !pdfs=(modelmcNe_over_modelmcNe_Int[x|FULL] = 0.000583415,modelmcMg_over_modelmcMg_Int[x|FULL] = 0.00410619,modelmcSi_over_modelmcSi_Int[x|FULL] = 0.821185,modelmcS_over_modelmcS_Int[x|FULL] = 0.0141774), !coefficients=(mcNe_frac = 129501,mcMg_frac = 130721,mcSi_frac = 129941,mcS_frac = 125040)
     getLogVal() top-level p.d.f not greater than zero @ !refCoefNorm=(x = 14), !pdfs=(modelmcNe_over_modelmcNe_Int[x|FULL] = 0.000583415,modelmcMg_over_modelmcMg_Int[x|FULL] = 0.00410619,modelmcSi_over_modelmcSi_Int[x|FULL] = 0.821185,modelmcS_over_modelmcS_Int[x|FULL] = 0.0141774), !coefficients=(mcNe_frac = 129501,mcMg_frac = 130721,mcSi_frac = 129941,mcS_frac = 125040)
     getLogVal() top-level p.d.f not greater than zero @ !refCoefNorm=(x = 14), !pdfs=(modelmcNe_over_modelmcNe_Int[x|FULL] = 0.000583415,modelmcMg_over_modelmcMg_Int[x|FULL] = 0.00410619,modelmcSi_over_modelmcSi_Int[x|FULL] = 0.821185,modelmcS_over_modelmcS_Int[x|FULL] = 0.0141774), !coefficients=(mcNe_frac = 129501,mcMg_frac = 130721,mcSi_frac = 129941,mcS_frac = 125040)
    ... (remaining 15 messages suppressed)

RooAbsMinimizerFcn: Minimized function has error status.
Returning maximum FCN so far (-inf) to force MIGRAD to back out of this region. Error log follows.
Parameter values: 	mcMg_frac=130721	mcNe_frac=129501	mcS_frac=123753	mcSi_frac=129941
RooAddPdf::model[ mcNe_frac * modelmcNe_over_modelmcNe_Int[x|FULL] + mcMg_frac * modelmcMg_over_modelmcMg_Int[x|FULL] + mcSi_frac * modelmcSi_over_modelmcSi_Int[x|FULL] + mcS_frac * modelmcS_over_modelmcS_Int[x|FULL] ]
     getLogVal() top-level p.d.f not greater than zero @ !refCoefNorm=(x = 14), !pdfs=(modelmcNe_over_modelmcNe_Int[x|FULL] = 0.000583415,modelmcMg_over_modelmcMg_Int[x|FULL] = 0.00410619,modelmcSi_over_modelmcSi_Int[x|FULL] = 0.821185,modelmcS_over_modelmcS_Int[x|FULL] = 0.0141774), !coefficients=(mcNe_frac = 129501,mcMg_frac = 130721,mcSi_frac = 129941,mcS_frac = 123753)
     getLogVal() top-level p.d.f not greater than zero @ !refCoefNorm=(x = 14), !pdfs=(modelmcNe_over_modelmcNe_Int[x|FULL] = 0.000583415,modelmcMg_over_modelmcMg_Int[x|FULL] = 0.00410619,modelmcSi_over_modelmcSi_Int[x|FULL] = 0.821185,modelmcS_over_modelmcS_Int[x|FULL] = 0.0141774), !coefficients=(mcNe_frac = 129501,mcMg_frac = 130721,mcSi_frac = 129941,mcS_frac = 123753)
     getLogVal() top-level p.d.f not greater than zero @ !refCoefNorm=(x = 14), !pdfs=(modelmcNe_over_modelmcNe_Int[x|FULL] = 0.000583415,modelmcMg_over_modelmcMg_Int[x|FULL] = 0.00410619,modelmcSi_over_modelmcSi_Int[x|FULL] = 0.821185,modelmcS_over_modelmcS_Int[x|FULL] = 0.0141774), !coefficients=(mcNe_frac = 129501,mcMg_frac = 130721,mcSi_frac = 129941,mcS_frac = 123753)
     getLogVal() top-level p.d.f not greater than zero @ !refCoefNorm=(x = 14), !pdfs=(modelmcNe_over_modelmcNe_Int[x|FULL] = 0.000583415,modelmcMg_over_modelmcMg_Int[x|FULL] = 0.00410619,modelmcSi_over_modelmcSi_Int[x|FULL] = 0.821185,modelmcS_over_modelmcS_Int[x|FULL] = 0.0141774), !coefficients=(mcNe_frac = 129501,mcMg_frac = 130721,mcSi_frac = 129941,mcS_frac = 123753)
     getLogVal() top-level p.d.f not greater than zero @ !refCoefNorm=(x = 14), !pdfs=(modelmcNe_over_modelmcNe_Int[x|FULL] = 0.000583415,modelmcMg_over_modelmcMg_Int[x|FULL] = 0.00410619,modelmcSi_over_modelmcSi_Int[x|FULL] = 0.821185,modelmcS_over_modelmcS_Int[x|FULL] = 0.0141774), !coefficients=(mcNe_frac = 129501,mcMg_frac = 130721,mcSi_frac = 129941,mcS_frac = 123753)
     getLogVal() top-level p.d.f not greater than zero @ !refCoefNorm=(x = 14), !pdfs=(modelmcNe_over_modelmcNe_Int[x|FULL] = 0.000583415,modelmcMg_over_modelmcMg_Int[x|FULL] = 0.00410619,modelmcSi_over_modelmcSi_Int[x|FULL] = 0.821185,modelmcS_over_modelmcS_Int[x|FULL] = 0.0141774), !coefficients=(mcNe_frac = 129501,mcMg_frac = 130721,mcSi_frac = 129941,mcS_frac = 123753)
     getLogVal() top-level p.d.f not greater than zero @ !refCoefNorm=(x = 14), !pdfs=(modelmcNe_over_modelmcNe_Int[x|FULL] = 0.000583415,modelmcMg_over_modelmcMg_Int[x|FULL] = 0.00410619,modelmcSi_over_modelmcSi_Int[x|FULL] = 0.821185,modelmcS_over_modelmcS_Int[x|FULL] = 0.0141774), !coefficients=(mcNe_frac = 129501,mcMg_frac = 130721,mcSi_frac = 129941,mcS_frac = 123753)
     getLogVal() top-level p.d.f not greater than zero @ !refCoefNorm=(x = 14), !pdfs=(modelmcNe_over_modelmcNe_Int[x|FULL] = 0.000583415,modelmcMg_over_modelmcMg_Int[x|FULL] = 0.00410619,modelmcSi_over_modelmcSi_Int[x|FULL] = 0.821185,modelmcS_over_modelmcS_Int[x|FULL] = 0.0141774), !coefficients=(mcNe_frac = 129501,mcMg_frac = 130721,mcSi_frac = 129941,mcS_frac = 123753)
     getLogVal() top-level p.d.f not greater than zero @ !refCoefNorm=(x = 14), !pdfs=(modelmcNe_over_modelmcNe_Int[x|FULL] = 0.000583415,modelmcMg_over_modelmcMg_Int[x|FULL] = 0.00410619,modelmcSi_over_modelmcSi_Int[x|FULL] = 0.821185,modelmcS_over_modelmcS_Int[x|FULL] = 0.0141774), !coefficients=(mcNe_frac = 129501,mcMg_frac = 130721,mcSi_frac = 129941,mcS_frac = 123753)
     getLogVal() top-level p.d.f not greater than zero @ !refCoefNorm=(x = 14), !pdfs=(modelmcNe_over_modelmcNe_Int[x|FULL] = 0.000583415,modelmcMg_over_modelmcMg_Int[x|FULL] = 0.00410619,modelmcSi_over_modelmcSi_Int[x|FULL] = 0.821185,modelmcS_over_modelmcS_Int[x|FULL] = 0.0141774), !coefficients=(mcNe_frac = 129501,mcMg_frac = 130721,mcSi_frac = 129941,mcS_frac = 123753)
     getLogVal() top-level p.d.f not greater than zero @ !refCoefNorm=(x = 14), !pdfs=(modelmcNe_over_modelmcNe_Int[x|FULL] = 0.000583415,modelmcMg_over_modelmcMg_Int[x|FULL] = 0.00410619,modelmcSi_over_modelmcSi_Int[x|FULL] = 0.821185,modelmcS_over_modelmcS_Int[x|FULL] = 0.0141774), !coefficients=(mcNe_frac = 129501,mcMg_frac = 130721,mcSi_frac = 129941,mcS_frac = 123753)
     getLogVal() top-level p.d.f not greater than zero @ !refCoefNorm=(x = 14), !pdfs=(modelmcNe_over_modelmcNe_Int[x|FULL] = 0.000583415,modelmcMg_over_modelmcMg_Int[x|FULL] = 0.00410619,modelmcSi_over_modelmcSi_Int[x|FULL] = 0.821185,modelmcS_over_modelmcS_Int[x|FULL] = 0.0141774), !coefficients=(mcNe_frac = 129501,mcMg_frac = 130721,mcSi_frac = 129941,mcS_frac = 123753)
    ... (remaining 15 messages suppressed)

RooAbsMinimizerFcn: Minimized function has error status.
Returning maximum FCN so far (-inf) to force MIGRAD to back out of this region. Error log follows.
Parameter values: 	mcMg_frac=130721	mcNe_frac=129501	mcS_frac=130913	mcSi_frac=129941
RooAddPdf::model[ mcNe_frac * modelmcNe_over_modelmcNe_Int[x|FULL] + mcMg_frac * modelmcMg_over_modelmcMg_Int[x|FULL] + mcSi_frac * modelmcSi_over_modelmcSi_Int[x|FULL] + mcS_frac * modelmcS_over_modelmcS_Int[x|FULL] ]
     getLogVal() top-level p.d.f not greater than zero @ !refCoefNorm=(x = 14), !pdfs=(modelmcNe_over_modelmcNe_Int[x|FULL] = 0.000583415,modelmcMg_over_modelmcMg_Int[x|FULL] = 0.00410619,modelmcSi_over_modelmcSi_Int[x|FULL] = 0.821185,modelmcS_over_modelmcS_Int[x|FULL] = 0.0141774), !coefficients=(mcNe_frac = 129501,mcMg_frac = 130721,mcSi_frac = 129941,mcS_frac = 130913)
     getLogVal() top-level p.d.f not greater than zero @ !refCoefNorm=(x = 14), !pdfs=(modelmcNe_over_modelmcNe_Int[x|FULL] = 0.000583415,modelmcMg_over_modelmcMg_Int[x|FULL] = 0.00410619,modelmcSi_over_modelmcSi_Int[x|FULL] = 0.821185,modelmcS_over_modelmcS_Int[x|FULL] = 0.0141774), !coefficients=(mcNe_frac = 129501,mcMg_frac = 130721,mcSi_frac = 129941,mcS_frac = 130913)
     getLogVal() top-level p.d.f not greater than zero @ !refCoefNorm=(x = 14), !pdfs=(modelmcNe_over_modelmcNe_Int[x|FULL] = 0.000583415,modelmcMg_over_modelmcMg_Int[x|FULL] = 0.00410619,modelmcSi_over_modelmcSi_Int[x|FULL] = 0.821185,modelmcS_over_modelmcS_Int[x|FULL] = 0.0141774), !coefficients=(mcNe_frac = 129501,mcMg_frac = 130721,mcSi_frac = 129941,mcS_frac = 130913)
     getLogVal() top-level p.d.f not greater than zero @ !refCoefNorm=(x = 14), !pdfs=(modelmcNe_over_modelmcNe_Int[x|FULL] = 0.000583415,modelmcMg_over_modelmcMg_Int[x|FULL] = 0.00410619,modelmcSi_over_modelmcSi_Int[x|FULL] = 0.821185,modelmcS_over_modelmcS_Int[x|FULL] = 0.0141774), !coefficients=(mcNe_frac = 129501,mcMg_frac = 130721,mcSi_frac = 129941,mcS_frac = 130913)
     getLogVal() top-level p.d.f not greater than zero @ !refCoefNorm=(x = 14), !pdfs=(modelmcNe_over_modelmcNe_Int[x|FULL] = 0.000583415,modelmcMg_over_modelmcMg_Int[x|FULL] = 0.00410619,modelmcSi_over_modelmcSi_Int[x|FULL] = 0.821185,modelmcS_over_modelmcS_Int[x|FULL] = 0.0141774), !coefficients=(mcNe_frac = 129501,mcMg_frac = 130721,mcSi_frac = 129941,mcS_frac = 130913)
     getLogVal() top-level p.d.f not greater than zero @ !refCoefNorm=(x = 14), !pdfs=(modelmcNe_over_modelmcNe_Int[x|FULL] = 0.000583415,modelmcMg_over_modelmcMg_Int[x|FULL] = 0.00410619,modelmcSi_over_modelmcSi_Int[x|FULL] = 0.821185,modelmcS_over_modelmcS_Int[x|FULL] = 0.0141774), !coefficients=(mcNe_frac = 129501,mcMg_frac = 130721,mcSi_frac = 129941,mcS_frac = 130913)
     getLogVal() top-level p.d.f not greater than zero @ !refCoefNorm=(x = 14), !pdfs=(modelmcNe_over_modelmcNe_Int[x|FULL] = 0.000583415,modelmcMg_over_modelmcMg_Int[x|FULL] = 0.00410619,modelmcSi_over_modelmcSi_Int[x|FULL] = 0.821185,modelmcS_over_modelmcS_Int[x|FULL] = 0.0141774), !coefficients=(mcNe_frac = 129501,mcMg_frac = 130721,mcSi_frac = 129941,mcS_frac = 130913)
     getLogVal() top-level p.d.f not greater than zero @ !refCoefNorm=(x = 14), !pdfs=(modelmcNe_over_modelmcNe_Int[x|FULL] = 0.000583415,modelmcMg_over_modelmcMg_Int[x|FULL] = 0.00410619,modelmcSi_over_modelmcSi_Int[x|FULL] = 0.821185,modelmcS_over_modelmcS_Int[x|FULL] = 0.0141774), !coefficients=(mcNe_frac = 129501,mcMg_frac = 130721,mcSi_frac = 129941,mcS_frac = 130913)
     getLogVal() top-level p.d.f not greater than zero @ !refCoefNorm=(x = 14), !pdfs=(modelmcNe_over_modelmcNe_Int[x|FULL] = 0.000583415,modelmcMg_over_modelmcMg_Int[x|FULL] = 0.00410619,modelmcSi_over_modelmcSi_Int[x|FULL] = 0.821185,modelmcS_over_modelmcS_Int[x|FULL] = 0.0141774), !coefficients=(mcNe_frac = 129501,mcMg_frac = 130721,mcSi_frac = 129941,mcS_frac = 130913)
     getLogVal() top-level p.d.f not greater than zero @ !refCoefNorm=(x = 14), !pdfs=(modelmcNe_over_modelmcNe_Int[x|FULL] = 0.000583415,modelmcMg_over_modelmcMg_Int[x|FULL] = 0.00410619,modelmcSi_over_modelmcSi_Int[x|FULL] = 0.821185,modelmcS_over_modelmcS_Int[x|FULL] = 0.0141774), !coefficients=(mcNe_frac = 129501,mcMg_frac = 130721,mcSi_frac = 129941,mcS_frac = 130913)
     getLogVal() top-level p.d.f not greater than zero @ !refCoefNorm=(x = 14), !pdfs=(modelmcNe_over_modelmcNe_Int[x|FULL] = 0.000583415,modelmcMg_over_modelmcMg_Int[x|FULL] = 0.00410619,modelmcSi_over_modelmcSi_Int[x|FULL] = 0.821185,modelmcS_over_modelmcS_Int[x|FULL] = 0.0141774), !coefficients=(mcNe_frac = 129501,mcMg_frac = 130721,mcSi_frac = 129941,mcS_frac = 130913)
     getLogVal() top-level p.d.f not greater than zero @ !refCoefNorm=(x = 14), !pdfs=(modelmcNe_over_modelmcNe_Int[x|FULL] = 0.000583415,modelmcMg_over_modelmcMg_Int[x|FULL] = 0.00410619,modelmcSi_over_modelmcSi_Int[x|FULL] = 0.821185,modelmcS_over_modelmcS_Int[x|FULL] = 0.0141774), !coefficients=(mcNe_frac = 129501,mcMg_frac = 130721,mcSi_frac = 129941,mcS_frac = 130913)
    ... (remaining 15 messages suppressed)

RooAbsMinimizerFcn: Minimized function has error status.
Returning maximum FCN so far (-inf) to force MIGRAD to back out of this region. Error log follows.
Parameter values: 	mcMg_frac=130721	mcNe_frac=129501	mcS_frac=118042	mcSi_frac=129941
RooAddPdf::model[ mcNe_frac * modelmcNe_over_modelmcNe_Int[x|FULL] + mcMg_frac * modelmcMg_over_modelmcMg_Int[x|FULL] + mcSi_frac * modelmcSi_over_modelmcSi_Int[x|FULL] + mcS_frac * modelmcS_over_modelmcS_Int[x|FULL] ]
     getLogVal() top-level p.d.f not greater than zero @ !refCoefNorm=(x = 14), !pdfs=(modelmcNe_over_modelmcNe_Int[x|FULL] = 0.000583415,modelmcMg_over_modelmcMg_Int[x|FULL] = 0.00410619,modelmcSi_over_modelmcSi_Int[x|FULL] = 0.821185,modelmcS_over_modelmcS_Int[x|FULL] = 0.0141774), !coefficients=(mcNe_frac = 129501,mcMg_frac = 130721,mcSi_frac = 129941,mcS_frac = 118042)
     getLogVal() top-level p.d.f not greater than zero @ !refCoefNorm=(x = 14), !pdfs=(modelmcNe_over_modelmcNe_Int[x|FULL] = 0.000583415,modelmcMg_over_modelmcMg_Int[x|FULL] = 0.00410619,modelmcSi_over_modelmcSi_Int[x|FULL] = 0.821185,modelmcS_over_modelmcS_Int[x|FULL] = 0.0141774), !coefficients=(mcNe_frac = 129501,mcMg_frac = 130721,mcSi_frac = 129941,mcS_frac = 118042)
     getLogVal() top-level p.d.f not greater than zero @ !refCoefNorm=(x = 14), !pdfs=(modelmcNe_over_modelmcNe_Int[x|FULL] = 0.000583415,modelmcMg_over_modelmcMg_Int[x|FULL] = 0.00410619,modelmcSi_over_modelmcSi_Int[x|FULL] = 0.821185,modelmcS_over_modelmcS_Int[x|FULL] = 0.0141774), !coefficients=(mcNe_frac = 129501,mcMg_frac = 130721,mcSi_frac = 129941,mcS_frac = 118042)
     getLogVal() top-level p.d.f not greater than zero @ !refCoefNorm=(x = 14), !pdfs=(modelmcNe_over_modelmcNe_Int[x|FULL] = 0.000583415,modelmcMg_over_modelmcMg_Int[x|FULL] = 0.00410619,modelmcSi_over_modelmcSi_Int[x|FULL] = 0.821185,modelmcS_over_modelmcS_Int[x|FULL] = 0.0141774), !coefficients=(mcNe_frac = 129501,mcMg_frac = 130721,mcSi_frac = 129941,mcS_frac = 118042)
     getLogVal() top-level p.d.f not greater than zero @ !refCoefNorm=(x = 14), !pdfs=(modelmcNe_over_modelmcNe_Int[x|FULL] = 0.000583415,modelmcMg_over_modelmcMg_Int[x|FULL] = 0.00410619,modelmcSi_over_modelmcSi_Int[x|FULL] = 0.821185,modelmcS_over_modelmcS_Int[x|FULL] = 0.0141774), !coefficients=(mcNe_frac = 129501,mcMg_frac = 130721,mcSi_frac = 129941,mcS_frac = 118042)
     getLogVal() top-level p.d.f not greater than zero @ !refCoefNorm=(x = 14), !pdfs=(modelmcNe_over_modelmcNe_Int[x|FULL] = 0.000583415,modelmcMg_over_modelmcMg_Int[x|FULL] = 0.00410619,modelmcSi_over_modelmcSi_Int[x|FULL] = 0.821185,modelmcS_over_modelmcS_Int[x|FULL] = 0.0141774), !coefficients=(mcNe_frac = 129501,mcMg_frac = 130721,mcSi_frac = 129941,mcS_frac = 118042)
     getLogVal() top-level p.d.f not greater than zero @ !refCoefNorm=(x = 14), !pdfs=(modelmcNe_over_modelmcNe_Int[x|FULL] = 0.000583415,modelmcMg_over_modelmcMg_Int[x|FULL] = 0.00410619,modelmcSi_over_modelmcSi_Int[x|FULL] = 0.821185,modelmcS_over_modelmcS_Int[x|FULL] = 0.0141774), !coefficients=(mcNe_frac = 129501,mcMg_frac = 130721,mcSi_frac = 129941,mcS_frac = 118042)
     getLogVal() top-level p.d.f not greater than zero @ !refCoefNorm=(x = 14), !pdfs=(modelmcNe_over_modelmcNe_Int[x|FULL] = 0.000583415,modelmcMg_over_modelmcMg_Int[x|FULL] = 0.00410619,modelmcSi_over_modelmcSi_Int[x|FULL] = 0.821185,modelmcS_over_modelmcS_Int[x|FULL] = 0.0141774), !coefficients=(mcNe_frac = 129501,mcMg_frac = 130721,mcSi_frac = 129941,mcS_frac = 118042)
     getLogVal() top-level p.d.f not greater than zero @ !refCoefNorm=(x = 14), !pdfs=(modelmcNe_over_modelmcNe_Int[x|FULL] = 0.000583415,modelmcMg_over_modelmcMg_Int[x|FULL] = 0.00410619,modelmcSi_over_modelmcSi_Int[x|FULL] = 0.821185,modelmcS_over_modelmcS_Int[x|FULL] = 0.0141774), !coefficients=(mcNe_frac = 129501,mcMg_frac = 130721,mcSi_frac = 129941,mcS_frac = 118042)
     getLogVal() top-level p.d.f not greater than zero @ !refCoefNorm=(x = 14), !pdfs=(modelmcNe_over_modelmcNe_Int[x|FULL] = 0.000583415,modelmcMg_over_modelmcMg_Int[x|FULL] = 0.00410619,modelmcSi_over_modelmcSi_Int[x|FULL] = 0.821185,modelmcS_over_modelmcS_Int[x|FULL] = 0.0141774), !coefficients=(mcNe_frac = 129501,mcMg_frac = 130721,mcSi_frac = 129941,mcS_frac = 118042)
     getLogVal() top-level p.d.f not greater than zero @ !refCoefNorm=(x = 14), !pdfs=(modelmcNe_over_modelmcNe_Int[x|FULL] = 0.000583415,modelmcMg_over_modelmcMg_Int[x|FULL] = 0.00410619,modelmcSi_over_modelmcSi_Int[x|FULL] = 0.821185,modelmcS_over_modelmcS_Int[x|FULL] = 0.0141774), !coefficients=(mcNe_frac = 129501,mcMg_frac = 130721,mcSi_frac = 129941,mcS_frac = 118042)
     getLogVal() top-level p.d.f not greater than zero @ !refCoefNorm=(x = 14), !pdfs=(modelmcNe_over_modelmcNe_Int[x|FULL] = 0.000583415,modelmcMg_over_modelmcMg_Int[x|FULL] = 0.00410619,modelmcSi_over_modelmcSi_Int[x|FULL] = 0.821185,modelmcS_over_modelmcS_Int[x|FULL] = 0.0141774), !coefficients=(mcNe_frac = 129501,mcMg_frac = 130721,mcSi_frac = 129941,mcS_frac = 118042)
    ... (remaining 15 messages suppressed)

RooAbsMinimizerFcn: Minimized function has error status.
Returning maximum FCN so far (-inf) to force MIGRAD to back out of this region. Error log follows.
Parameter values: 	mcMg_frac=130721	mcNe_frac=129501	mcS_frac=124396	mcSi_frac=130614
RooAddPdf::model[ mcNe_frac * modelmcNe_over_modelmcNe_Int[x|FULL] + mcMg_frac * modelmcMg_over_modelmcMg_Int[x|FULL] + mcSi_frac * modelmcSi_over_modelmcSi_Int[x|FULL] + mcS_frac * modelmcS_over_modelmcS_Int[x|FULL] ]
     getLogVal() top-level p.d.f not greater than zero @ !refCoefNorm=(x = 14), !pdfs=(modelmcNe_over_modelmcNe_Int[x|FULL] = 0.000583415,modelmcMg_over_modelmcMg_Int[x|FULL] = 0.00410619,modelmcSi_over_modelmcSi_Int[x|FULL] = 0.821185,modelmcS_over_modelmcS_Int[x|FULL] = 0.0141774), !coefficients=(mcNe_frac = 129501,mcMg_frac = 130721,mcSi_frac = 130614,mcS_frac = 124396)
     getLogVal() top-level p.d.f not greater than zero @ !refCoefNorm=(x = 14), !pdfs=(modelmcNe_over_modelmcNe_Int[x|FULL] = 0.000583415,modelmcMg_over_modelmcMg_Int[x|FULL] = 0.00410619,modelmcSi_over_modelmcSi_Int[x|FULL] = 0.821185,modelmcS_over_modelmcS_Int[x|FULL] = 0.0141774), !coefficients=(mcNe_frac = 129501,mcMg_frac = 130721,mcSi_frac = 130614,mcS_frac = 124396)
     getLogVal() top-level p.d.f not greater than zero @ !refCoefNorm=(x = 14), !pdfs=(modelmcNe_over_modelmcNe_Int[x|FULL] = 0.000583415,modelmcMg_over_modelmcMg_Int[x|FULL] = 0.00410619,modelmcSi_over_modelmcSi_Int[x|FULL] = 0.821185,modelmcS_over_modelmcS_Int[x|FULL] = 0.0141774), !coefficients=(mcNe_frac = 129501,mcMg_frac = 130721,mcSi_frac = 130614,mcS_frac = 124396)
     getLogVal() top-level p.d.f not greater than zero @ !refCoefNorm=(x = 14), !pdfs=(modelmcNe_over_modelmcNe_Int[x|FULL] = 0.000583415,modelmcMg_over_modelmcMg_Int[x|FULL] = 0.00410619,modelmcSi_over_modelmcSi_Int[x|FULL] = 0.821185,modelmcS_over_modelmcS_Int[x|FULL] = 0.0141774), !coefficients=(mcNe_frac = 129501,mcMg_frac = 130721,mcSi_frac = 130614,mcS_frac = 124396)
     getLogVal() top-level p.d.f not greater than zero @ !refCoefNorm=(x = 14), !pdfs=(modelmcNe_over_modelmcNe_Int[x|FULL] = 0.000583415,modelmcMg_over_modelmcMg_Int[x|FULL] = 0.00410619,modelmcSi_over_modelmcSi_Int[x|FULL] = 0.821185,modelmcS_over_modelmcS_Int[x|FULL] = 0.0141774), !coefficients=(mcNe_frac = 129501,mcMg_frac = 130721,mcSi_frac = 130614,mcS_frac = 124396)
     getLogVal() top-level p.d.f not greater than zero @ !refCoefNorm=(x = 14), !pdfs=(modelmcNe_over_modelmcNe_Int[x|FULL] = 0.000583415,modelmcMg_over_modelmcMg_Int[x|FULL] = 0.00410619,modelmcSi_over_modelmcSi_Int[x|FULL] = 0.821185,modelmcS_over_modelmcS_Int[x|FULL] = 0.0141774), !coefficients=(mcNe_frac = 129501,mcMg_frac = 130721,mcSi_frac = 130614,mcS_frac = 124396)
     getLogVal() top-level p.d.f not greater than zero @ !refCoefNorm=(x = 14), !pdfs=(modelmcNe_over_modelmcNe_Int[x|FULL] = 0.000583415,modelmcMg_over_modelmcMg_Int[x|FULL] = 0.00410619,modelmcSi_over_modelmcSi_Int[x|FULL] = 0.821185,modelmcS_over_modelmcS_Int[x|FULL] = 0.0141774), !coefficients=(mcNe_frac = 129501,mcMg_frac = 130721,mcSi_frac = 130614,mcS_frac = 124396)
     getLogVal() top-level p.d.f not greater than zero @ !refCoefNorm=(x = 14), !pdfs=(modelmcNe_over_modelmcNe_Int[x|FULL] = 0.000583415,modelmcMg_over_modelmcMg_Int[x|FULL] = 0.00410619,modelmcSi_over_modelmcSi_Int[x|FULL] = 0.821185,modelmcS_over_modelmcS_Int[x|FULL] = 0.0141774), !coefficients=(mcNe_frac = 129501,mcMg_frac = 130721,mcSi_frac = 130614,mcS_frac = 124396)
     getLogVal() top-level p.d.f not greater than zero @ !refCoefNorm=(x = 14), !pdfs=(modelmcNe_over_modelmcNe_Int[x|FULL] = 0.000583415,modelmcMg_over_modelmcMg_Int[x|FULL] = 0.00410619,modelmcSi_over_modelmcSi_Int[x|FULL] = 0.821185,modelmcS_over_modelmcS_Int[x|FULL] = 0.0141774), !coefficients=(mcNe_frac = 129501,mcMg_frac = 130721,mcSi_frac = 130614,mcS_frac = 124396)
     getLogVal() top-level p.d.f not greater than zero @ !refCoefNorm=(x = 14), !pdfs=(modelmcNe_over_modelmcNe_Int[x|FULL] = 0.000583415,modelmcMg_over_modelmcMg_Int[x|FULL] = 0.00410619,modelmcSi_over_modelmcSi_Int[x|FULL] = 0.821185,modelmcS_over_modelmcS_Int[x|FULL] = 0.0141774), !coefficients=(mcNe_frac = 129501,mcMg_frac = 130721,mcSi_frac = 130614,mcS_frac = 124396)
     getLogVal() top-level p.d.f not greater than zero @ !refCoefNorm=(x = 14), !pdfs=(modelmcNe_over_modelmcNe_Int[x|FULL] = 0.000583415,modelmcMg_over_modelmcMg_Int[x|FULL] = 0.00410619,modelmcSi_over_modelmcSi_Int[x|FULL] = 0.821185,modelmcS_over_modelmcS_Int[x|FULL] = 0.0141774), !coefficients=(mcNe_frac = 129501,mcMg_frac = 130721,mcSi_frac = 130614,mcS_frac = 124396)
     getLogVal() top-level p.d.f not greater than zero @ !refCoefNorm=(x = 14), !pdfs=(modelmcNe_over_modelmcNe_Int[x|FULL] = 0.000583415,modelmcMg_over_modelmcMg_Int[x|FULL] = 0.00410619,modelmcSi_over_modelmcSi_Int[x|FULL] = 0.821185,modelmcS_over_modelmcS_Int[x|FULL] = 0.0141774), !coefficients=(mcNe_frac = 129501,mcMg_frac = 130721,mcSi_frac = 130614,mcS_frac = 124396)
    ... (remaining 15 messages suppressed)

RooAbsMinimizerFcn: Minimized function has error status.
Returning maximum FCN so far (-inf) to force MIGRAD to back out of this region. Error log follows.
Parameter values: 	mcMg_frac=130721	mcNe_frac=129501	mcS_frac=124396	mcSi_frac=129269
RooAddPdf::model[ mcNe_frac * modelmcNe_over_modelmcNe_Int[x|FULL] + mcMg_frac * modelmcMg_over_modelmcMg_Int[x|FULL] + mcSi_frac * modelmcSi_over_modelmcSi_Int[x|FULL] + mcS_frac * modelmcS_over_modelmcS_Int[x|FULL] ]
     getLogVal() top-level p.d.f not greater than zero @ !refCoefNorm=(x = 14), !pdfs=(modelmcNe_over_modelmcNe_Int[x|FULL] = 0.000583415,modelmcMg_over_modelmcMg_Int[x|FULL] = 0.00410619,modelmcSi_over_modelmcSi_Int[x|FULL] = 0.821185,modelmcS_over_modelmcS_Int[x|FULL] = 0.0141774), !coefficients=(mcNe_frac = 129501,mcMg_frac = 130721,mcSi_frac = 129269,mcS_frac = 124396)
     getLogVal() top-level p.d.f not greater than zero @ !refCoefNorm=(x = 14), !pdfs=(modelmcNe_over_modelmcNe_Int[x|FULL] = 0.000583415,modelmcMg_over_modelmcMg_Int[x|FULL] = 0.00410619,modelmcSi_over_modelmcSi_Int[x|FULL] = 0.821185,modelmcS_over_modelmcS_Int[x|FULL] = 0.0141774), !coefficients=(mcNe_frac = 129501,mcMg_frac = 130721,mcSi_frac = 129269,mcS_frac = 124396)
     getLogVal() top-level p.d.f not greater than zero @ !refCoefNorm=(x = 14), !pdfs=(modelmcNe_over_modelmcNe_Int[x|FULL] = 0.000583415,modelmcMg_over_modelmcMg_Int[x|FULL] = 0.00410619,modelmcSi_over_modelmcSi_Int[x|FULL] = 0.821185,modelmcS_over_modelmcS_Int[x|FULL] = 0.0141774), !coefficients=(mcNe_frac = 129501,mcMg_frac = 130721,mcSi_frac = 129269,mcS_frac = 124396)
     getLogVal() top-level p.d.f not greater than zero @ !refCoefNorm=(x = 14), !pdfs=(modelmcNe_over_modelmcNe_Int[x|FULL] = 0.000583415,modelmcMg_over_modelmcMg_Int[x|FULL] = 0.00410619,modelmcSi_over_modelmcSi_Int[x|FULL] = 0.821185,modelmcS_over_modelmcS_Int[x|FULL] = 0.0141774), !coefficients=(mcNe_frac = 129501,mcMg_frac = 130721,mcSi_frac = 129269,mcS_frac = 124396)
     getLogVal() top-level p.d.f not greater than zero @ !refCoefNorm=(x = 14), !pdfs=(modelmcNe_over_modelmcNe_Int[x|FULL] = 0.000583415,modelmcMg_over_modelmcMg_Int[x|FULL] = 0.00410619,modelmcSi_over_modelmcSi_Int[x|FULL] = 0.821185,modelmcS_over_modelmcS_Int[x|FULL] = 0.0141774), !coefficients=(mcNe_frac = 129501,mcMg_frac = 130721,mcSi_frac = 129269,mcS_frac = 124396)
     getLogVal() top-level p.d.f not greater than zero @ !refCoefNorm=(x = 14), !pdfs=(modelmcNe_over_modelmcNe_Int[x|FULL] = 0.000583415,modelmcMg_over_modelmcMg_Int[x|FULL] = 0.00410619,modelmcSi_over_modelmcSi_Int[x|FULL] = 0.821185,modelmcS_over_modelmcS_Int[x|FULL] = 0.0141774), !coefficients=(mcNe_frac = 129501,mcMg_frac = 130721,mcSi_frac = 129269,mcS_frac = 124396)
     getLogVal() top-level p.d.f not greater than zero @ !refCoefNorm=(x = 14), !pdfs=(modelmcNe_over_modelmcNe_Int[x|FULL] = 0.000583415,modelmcMg_over_modelmcMg_Int[x|FULL] = 0.00410619,modelmcSi_over_modelmcSi_Int[x|FULL] = 0.821185,modelmcS_over_modelmcS_Int[x|FULL] = 0.0141774), !coefficients=(mcNe_frac = 129501,mcMg_frac = 130721,mcSi_frac = 129269,mcS_frac = 124396)
     getLogVal() top-level p.d.f not greater than zero @ !refCoefNorm=(x = 14), !pdfs=(modelmcNe_over_modelmcNe_Int[x|FULL] = 0.000583415,modelmcMg_over_modelmcMg_Int[x|FULL] = 0.00410619,modelmcSi_over_modelmcSi_Int[x|FULL] = 0.821185,modelmcS_over_modelmcS_Int[x|FULL] = 0.0141774), !coefficients=(mcNe_frac = 129501,mcMg_frac = 130721,mcSi_frac = 129269,mcS_frac = 124396)
     getLogVal() top-level p.d.f not greater than zero @ !refCoefNorm=(x = 14), !pdfs=(modelmcNe_over_modelmcNe_Int[x|FULL] = 0.000583415,modelmcMg_over_modelmcMg_Int[x|FULL] = 0.00410619,modelmcSi_over_modelmcSi_Int[x|FULL] = 0.821185,modelmcS_over_modelmcS_Int[x|FULL] = 0.0141774), !coefficients=(mcNe_frac = 129501,mcMg_frac = 130721,mcSi_frac = 129269,mcS_frac = 124396)
     getLogVal() top-level p.d.f not greater than zero @ !refCoefNorm=(x = 14), !pdfs=(modelmcNe_over_modelmcNe_Int[x|FULL] = 0.000583415,modelmcMg_over_modelmcMg_Int[x|FULL] = 0.00410619,modelmcSi_over_modelmcSi_Int[x|FULL] = 0.821185,modelmcS_over_modelmcS_Int[x|FULL] = 0.0141774), !coefficients=(mcNe_frac = 129501,mcMg_frac = 130721,mcSi_frac = 129269,mcS_frac = 124396)
     getLogVal() top-level p.d.f not greater than zero @ !refCoefNorm=(x = 14), !pdfs=(modelmcNe_over_modelmcNe_Int[x|FULL] = 0.000583415,modelmcMg_over_modelmcMg_Int[x|FULL] = 0.00410619,modelmcSi_over_modelmcSi_Int[x|FULL] = 0.821185,modelmcS_over_modelmcS_Int[x|FULL] = 0.0141774), !coefficients=(mcNe_frac = 129501,mcMg_frac = 130721,mcSi_frac = 129269,mcS_frac = 124396)
     getLogVal() top-level p.d.f not greater than zero @ !refCoefNorm=(x = 14), !pdfs=(modelmcNe_over_modelmcNe_Int[x|FULL] = 0.000583415,modelmcMg_over_modelmcMg_Int[x|FULL] = 0.00410619,modelmcSi_over_modelmcSi_Int[x|FULL] = 0.821185,modelmcS_over_modelmcS_Int[x|FULL] = 0.0141774), !coefficients=(mcNe_frac = 129501,mcMg_frac = 130721,mcSi_frac = 129269,mcS_frac = 124396)
    ... (remaining 15 messages suppressed)

RooAbsMinimizerFcn: Minimized function has error status.
Returning maximum FCN so far (-inf) to force MIGRAD to back out of this region. Error log follows.
Parameter values: 	mcMg_frac=130721	mcNe_frac=129501	mcS_frac=124396	mcSi_frac=136748
RooAddPdf::model[ mcNe_frac * modelmcNe_over_modelmcNe_Int[x|FULL] + mcMg_frac * modelmcMg_over_modelmcMg_Int[x|FULL] + mcSi_frac * modelmcSi_over_modelmcSi_Int[x|FULL] + mcS_frac * modelmcS_over_modelmcS_Int[x|FULL] ]
     getLogVal() top-level p.d.f not greater than zero @ !refCoefNorm=(x = 14), !pdfs=(modelmcNe_over_modelmcNe_Int[x|FULL] = 0.000583415,modelmcMg_over_modelmcMg_Int[x|FULL] = 0.00410619,modelmcSi_over_modelmcSi_Int[x|FULL] = 0.821185,modelmcS_over_modelmcS_Int[x|FULL] = 0.0141774), !coefficients=(mcNe_frac = 129501,mcMg_frac = 130721,mcSi_frac = 136748,mcS_frac = 124396)
     getLogVal() top-level p.d.f not greater than zero @ !refCoefNorm=(x = 14), !pdfs=(modelmcNe_over_modelmcNe_Int[x|FULL] = 0.000583415,modelmcMg_over_modelmcMg_Int[x|FULL] = 0.00410619,modelmcSi_over_modelmcSi_Int[x|FULL] = 0.821185,modelmcS_over_modelmcS_Int[x|FULL] = 0.0141774), !coefficients=(mcNe_frac = 129501,mcMg_frac = 130721,mcSi_frac = 136748,mcS_frac = 124396)
     getLogVal() top-level p.d.f not greater than zero @ !refCoefNorm=(x = 14), !pdfs=(modelmcNe_over_modelmcNe_Int[x|FULL] = 0.000583415,modelmcMg_over_modelmcMg_Int[x|FULL] = 0.00410619,modelmcSi_over_modelmcSi_Int[x|FULL] = 0.821185,modelmcS_over_modelmcS_Int[x|FULL] = 0.0141774), !coefficients=(mcNe_frac = 129501,mcMg_frac = 130721,mcSi_frac = 136748,mcS_frac = 124396)
     getLogVal() top-level p.d.f not greater than zero @ !refCoefNorm=(x = 14), !pdfs=(modelmcNe_over_modelmcNe_Int[x|FULL] = 0.000583415,modelmcMg_over_modelmcMg_Int[x|FULL] = 0.00410619,modelmcSi_over_modelmcSi_Int[x|FULL] = 0.821185,modelmcS_over_modelmcS_Int[x|FULL] = 0.0141774), !coefficients=(mcNe_frac = 129501,mcMg_frac = 130721,mcSi_frac = 136748,mcS_frac = 124396)
     getLogVal() top-level p.d.f not greater than zero @ !refCoefNorm=(x = 14), !pdfs=(modelmcNe_over_modelmcNe_Int[x|FULL] = 0.000583415,modelmcMg_over_modelmcMg_Int[x|FULL] = 0.00410619,modelmcSi_over_modelmcSi_Int[x|FULL] = 0.821185,modelmcS_over_modelmcS_Int[x|FULL] = 0.0141774), !coefficients=(mcNe_frac = 129501,mcMg_frac = 130721,mcSi_frac = 136748,mcS_frac = 124396)
     getLogVal() top-level p.d.f not greater than zero @ !refCoefNorm=(x = 14), !pdfs=(modelmcNe_over_modelmcNe_Int[x|FULL] = 0.000583415,modelmcMg_over_modelmcMg_Int[x|FULL] = 0.00410619,modelmcSi_over_modelmcSi_Int[x|FULL] = 0.821185,modelmcS_over_modelmcS_Int[x|FULL] = 0.0141774), !coefficients=(mcNe_frac = 129501,mcMg_frac = 130721,mcSi_frac = 136748,mcS_frac = 124396)
     getLogVal() top-level p.d.f not greater than zero @ !refCoefNorm=(x = 14), !pdfs=(modelmcNe_over_modelmcNe_Int[x|FULL] = 0.000583415,modelmcMg_over_modelmcMg_Int[x|FULL] = 0.00410619,modelmcSi_over_modelmcSi_Int[x|FULL] = 0.821185,modelmcS_over_modelmcS_Int[x|FULL] = 0.0141774), !coefficients=(mcNe_frac = 129501,mcMg_frac = 130721,mcSi_frac = 136748,mcS_frac = 124396)
     getLogVal() top-level p.d.f not greater than zero @ !refCoefNorm=(x = 14), !pdfs=(modelmcNe_over_modelmcNe_Int[x|FULL] = 0.000583415,modelmcMg_over_modelmcMg_Int[x|FULL] = 0.00410619,modelmcSi_over_modelmcSi_Int[x|FULL] = 0.821185,modelmcS_over_modelmcS_Int[x|FULL] = 0.0141774), !coefficients=(mcNe_frac = 129501,mcMg_frac = 130721,mcSi_frac = 136748,mcS_frac = 124396)
     getLogVal() top-level p.d.f not greater than zero @ !refCoefNorm=(x = 14), !pdfs=(modelmcNe_over_modelmcNe_Int[x|FULL] = 0.000583415,modelmcMg_over_modelmcMg_Int[x|FULL] = 0.00410619,modelmcSi_over_modelmcSi_Int[x|FULL] = 0.821185,modelmcS_over_modelmcS_Int[x|FULL] = 0.0141774), !coefficients=(mcNe_frac = 129501,mcMg_frac = 130721,mcSi_frac = 136748,mcS_frac = 124396)
     getLogVal() top-level p.d.f not greater than zero @ !refCoefNorm=(x = 14), !pdfs=(modelmcNe_over_modelmcNe_Int[x|FULL] = 0.000583415,modelmcMg_over_modelmcMg_Int[x|FULL] = 0.00410619,modelmcSi_over_modelmcSi_Int[x|FULL] = 0.821185,modelmcS_over_modelmcS_Int[x|FULL] = 0.0141774), !coefficients=(mcNe_frac = 129501,mcMg_frac = 130721,mcSi_frac = 136748,mcS_frac = 124396)
     getLogVal() top-level p.d.f not greater than zero @ !refCoefNorm=(x = 14), !pdfs=(modelmcNe_over_modelmcNe_Int[x|FULL] = 0.000583415,modelmcMg_over_modelmcMg_Int[x|FULL] = 0.00410619,modelmcSi_over_modelmcSi_Int[x|FULL] = 0.821185,modelmcS_over_modelmcS_Int[x|FULL] = 0.0141774), !coefficients=(mcNe_frac = 129501,mcMg_frac = 130721,mcSi_frac = 136748,mcS_frac = 124396)
     getLogVal() top-level p.d.f not greater than zero @ !refCoefNorm=(x = 14), !pdfs=(modelmcNe_over_modelmcNe_Int[x|FULL] = 0.000583415,modelmcMg_over_modelmcMg_Int[x|FULL] = 0.00410619,modelmcSi_over_modelmcSi_Int[x|FULL] = 0.821185,modelmcS_over_modelmcS_Int[x|FULL] = 0.0141774), !coefficients=(mcNe_frac = 129501,mcMg_frac = 130721,mcSi_frac = 136748,mcS_frac = 124396)
    ... (remaining 15 messages suppressed)

RooAbsMinimizerFcn: Minimized function has error status.
Returning maximum FCN so far (-inf) to force MIGRAD to back out of this region. Error log follows.
Parameter values: 	mcMg_frac=130721	mcNe_frac=129501	mcS_frac=124396	mcSi_frac=123303
RooAddPdf::model[ mcNe_frac * modelmcNe_over_modelmcNe_Int[x|FULL] + mcMg_frac * modelmcMg_over_modelmcMg_Int[x|FULL] + mcSi_frac * modelmcSi_over_modelmcSi_Int[x|FULL] + mcS_frac * modelmcS_over_modelmcS_Int[x|FULL] ]
     getLogVal() top-level p.d.f not greater than zero @ !refCoefNorm=(x = 14), !pdfs=(modelmcNe_over_modelmcNe_Int[x|FULL] = 0.000583415,modelmcMg_over_modelmcMg_Int[x|FULL] = 0.00410619,modelmcSi_over_modelmcSi_Int[x|FULL] = 0.821185,modelmcS_over_modelmcS_Int[x|FULL] = 0.0141774), !coefficients=(mcNe_frac = 129501,mcMg_frac = 130721,mcSi_frac = 123303,mcS_frac = 124396)
     getLogVal() top-level p.d.f not greater than zero @ !refCoefNorm=(x = 14), !pdfs=(modelmcNe_over_modelmcNe_Int[x|FULL] = 0.000583415,modelmcMg_over_modelmcMg_Int[x|FULL] = 0.00410619,modelmcSi_over_modelmcSi_Int[x|FULL] = 0.821185,modelmcS_over_modelmcS_Int[x|FULL] = 0.0141774), !coefficients=(mcNe_frac = 129501,mcMg_frac = 130721,mcSi_frac = 123303,mcS_frac = 124396)
     getLogVal() top-level p.d.f not greater than zero @ !refCoefNorm=(x = 14), !pdfs=(modelmcNe_over_modelmcNe_Int[x|FULL] = 0.000583415,modelmcMg_over_modelmcMg_Int[x|FULL] = 0.00410619,modelmcSi_over_modelmcSi_Int[x|FULL] = 0.821185,modelmcS_over_modelmcS_Int[x|FULL] = 0.0141774), !coefficients=(mcNe_frac = 129501,mcMg_frac = 130721,mcSi_frac = 123303,mcS_frac = 124396)
     getLogVal() top-level p.d.f not greater than zero @ !refCoefNorm=(x = 14), !pdfs=(modelmcNe_over_modelmcNe_Int[x|FULL] = 0.000583415,modelmcMg_over_modelmcMg_Int[x|FULL] = 0.00410619,modelmcSi_over_modelmcSi_Int[x|FULL] = 0.821185,modelmcS_over_modelmcS_Int[x|FULL] = 0.0141774), !coefficients=(mcNe_frac = 129501,mcMg_frac = 130721,mcSi_frac = 123303,mcS_frac = 124396)
     getLogVal() top-level p.d.f not greater than zero @ !refCoefNorm=(x = 14), !pdfs=(modelmcNe_over_modelmcNe_Int[x|FULL] = 0.000583415,modelmcMg_over_modelmcMg_Int[x|FULL] = 0.00410619,modelmcSi_over_modelmcSi_Int[x|FULL] = 0.821185,modelmcS_over_modelmcS_Int[x|FULL] = 0.0141774), !coefficients=(mcNe_frac = 129501,mcMg_frac = 130721,mcSi_frac = 123303,mcS_frac = 124396)
     getLogVal() top-level p.d.f not greater than zero @ !refCoefNorm=(x = 14), !pdfs=(modelmcNe_over_modelmcNe_Int[x|FULL] = 0.000583415,modelmcMg_over_modelmcMg_Int[x|FULL] = 0.00410619,modelmcSi_over_modelmcSi_Int[x|FULL] = 0.821185,modelmcS_over_modelmcS_Int[x|FULL] = 0.0141774), !coefficients=(mcNe_frac = 129501,mcMg_frac = 130721,mcSi_frac = 123303,mcS_frac = 124396)
     getLogVal() top-level p.d.f not greater than zero @ !refCoefNorm=(x = 14), !pdfs=(modelmcNe_over_modelmcNe_Int[x|FULL] = 0.000583415,modelmcMg_over_modelmcMg_Int[x|FULL] = 0.00410619,modelmcSi_over_modelmcSi_Int[x|FULL] = 0.821185,modelmcS_over_modelmcS_Int[x|FULL] = 0.0141774), !coefficients=(mcNe_frac = 129501,mcMg_frac = 130721,mcSi_frac = 123303,mcS_frac = 124396)
     getLogVal() top-level p.d.f not greater than zero @ !refCoefNorm=(x = 14), !pdfs=(modelmcNe_over_modelmcNe_Int[x|FULL] = 0.000583415,modelmcMg_over_modelmcMg_Int[x|FULL] = 0.00410619,modelmcSi_over_modelmcSi_Int[x|FULL] = 0.821185,modelmcS_over_modelmcS_Int[x|FULL] = 0.0141774), !coefficients=(mcNe_frac = 129501,mcMg_frac = 130721,mcSi_frac = 123303,mcS_frac = 124396)
     getLogVal() top-level p.d.f not greater than zero @ !refCoefNorm=(x = 14), !pdfs=(modelmcNe_over_modelmcNe_Int[x|FULL] = 0.000583415,modelmcMg_over_modelmcMg_Int[x|FULL] = 0.00410619,modelmcSi_over_modelmcSi_Int[x|FULL] = 0.821185,modelmcS_over_modelmcS_Int[x|FULL] = 0.0141774), !coefficients=(mcNe_frac = 129501,mcMg_frac = 130721,mcSi_frac = 123303,mcS_frac = 124396)
     getLogVal() top-level p.d.f not greater than zero @ !refCoefNorm=(x = 14), !pdfs=(modelmcNe_over_modelmcNe_Int[x|FULL] = 0.000583415,modelmcMg_over_modelmcMg_Int[x|FULL] = 0.00410619,modelmcSi_over_modelmcSi_Int[x|FULL] = 0.821185,modelmcS_over_modelmcS_Int[x|FULL] = 0.0141774), !coefficients=(mcNe_frac = 129501,mcMg_frac = 130721,mcSi_frac = 123303,mcS_frac = 124396)
     getLogVal() top-level p.d.f not greater than zero @ !refCoefNorm=(x = 14), !pdfs=(modelmcNe_over_modelmcNe_Int[x|FULL] = 0.000583415,modelmcMg_over_modelmcMg_Int[x|FULL] = 0.00410619,modelmcSi_over_modelmcSi_Int[x|FULL] = 0.821185,modelmcS_over_modelmcS_Int[x|FULL] = 0.0141774), !coefficients=(mcNe_frac = 129501,mcMg_frac = 130721,mcSi_frac = 123303,mcS_frac = 124396)
     getLogVal() top-level p.d.f not greater than zero @ !refCoefNorm=(x = 14), !pdfs=(modelmcNe_over_modelmcNe_Int[x|FULL] = 0.000583415,modelmcMg_over_modelmcMg_Int[x|FULL] = 0.00410619,modelmcSi_over_modelmcSi_Int[x|FULL] = 0.821185,modelmcS_over_modelmcS_Int[x|FULL] = 0.0141774), !coefficients=(mcNe_frac = 129501,mcMg_frac = 130721,mcSi_frac = 123303,mcS_frac = 124396)
    ... (remaining 15 messages suppressed)

RooAbsMinimizerFcn: Minimized function has error status.
Returning maximum FCN so far (-inf) to force MIGRAD to back out of this region. Error log follows.
Parameter values: 	mcMg_frac=130721	mcNe_frac=129501	mcS_frac=124396	mcSi_frac=129941
RooAddPdf::model[ mcNe_frac * modelmcNe_over_modelmcNe_Int[x|FULL] + mcMg_frac * modelmcMg_over_modelmcMg_Int[x|FULL] + mcSi_frac * modelmcSi_over_modelmcSi_Int[x|FULL] + mcS_frac * modelmcS_over_modelmcS_Int[x|FULL] ]
     getLogVal() top-level p.d.f not greater than zero @ !refCoefNorm=(x = 14), !pdfs=(modelmcNe_over_modelmcNe_Int[x|FULL] = 0.000583415,modelmcMg_over_modelmcMg_Int[x|FULL] = 0.00410619,modelmcSi_over_modelmcSi_Int[x|FULL] = 0.821185,modelmcS_over_modelmcS_Int[x|FULL] = 0.0141774), !coefficients=(mcNe_frac = 129501,mcMg_frac = 130721,mcSi_frac = 129941,mcS_frac = 124396)
     getLogVal() top-level p.d.f not greater than zero @ !refCoefNorm=(x = 14), !pdfs=(modelmcNe_over_modelmcNe_Int[x|FULL] = 0.000583415,modelmcMg_over_modelmcMg_Int[x|FULL] = 0.00410619,modelmcSi_over_modelmcSi_Int[x|FULL] = 0.821185,modelmcS_over_modelmcS_Int[x|FULL] = 0.0141774), !coefficients=(mcNe_frac = 129501,mcMg_frac = 130721,mcSi_frac = 129941,mcS_frac = 124396)
     getLogVal() top-level p.d.f not greater than zero @ !refCoefNorm=(x = 14), !pdfs=(modelmcNe_over_modelmcNe_Int[x|FULL] = 0.000583415,modelmcMg_over_modelmcMg_Int[x|FULL] = 0.00410619,modelmcSi_over_modelmcSi_Int[x|FULL] = 0.821185,modelmcS_over_modelmcS_Int[x|FULL] = 0.0141774), !coefficients=(mcNe_frac = 129501,mcMg_frac = 130721,mcSi_frac = 129941,mcS_frac = 124396)
     getLogVal() top-level p.d.f not greater than zero @ !refCoefNorm=(x = 14), !pdfs=(modelmcNe_over_modelmcNe_Int[x|FULL] = 0.000583415,modelmcMg_over_modelmcMg_Int[x|FULL] = 0.00410619,modelmcSi_over_modelmcSi_Int[x|FULL] = 0.821185,modelmcS_over_modelmcS_Int[x|FULL] = 0.0141774), !coefficients=(mcNe_frac = 129501,mcMg_frac = 130721,mcSi_frac = 129941,mcS_frac = 124396)
     getLogVal() top-level p.d.f not greater than zero @ !refCoefNorm=(x = 14), !pdfs=(modelmcNe_over_modelmcNe_Int[x|FULL] = 0.000583415,modelmcMg_over_modelmcMg_Int[x|FULL] = 0.00410619,modelmcSi_over_modelmcSi_Int[x|FULL] = 0.821185,modelmcS_over_modelmcS_Int[x|FULL] = 0.0141774), !coefficients=(mcNe_frac = 129501,mcMg_frac = 130721,mcSi_frac = 129941,mcS_frac = 124396)
     getLogVal() top-level p.d.f not greater than zero @ !refCoefNorm=(x = 14), !pdfs=(modelmcNe_over_modelmcNe_Int[x|FULL] = 0.000583415,modelmcMg_over_modelmcMg_Int[x|FULL] = 0.00410619,modelmcSi_over_modelmcSi_Int[x|FULL] = 0.821185,modelmcS_over_modelmcS_Int[x|FULL] = 0.0141774), !coefficients=(mcNe_frac = 129501,mcMg_frac = 130721,mcSi_frac = 129941,mcS_frac = 124396)
     getLogVal() top-level p.d.f not greater than zero @ !refCoefNorm=(x = 14), !pdfs=(modelmcNe_over_modelmcNe_Int[x|FULL] = 0.000583415,modelmcMg_over_modelmcMg_Int[x|FULL] = 0.00410619,modelmcSi_over_modelmcSi_Int[x|FULL] = 0.821185,modelmcS_over_modelmcS_Int[x|FULL] = 0.0141774), !coefficients=(mcNe_frac = 129501,mcMg_frac = 130721,mcSi_frac = 129941,mcS_frac = 124396)
     getLogVal() top-level p.d.f not greater than zero @ !refCoefNorm=(x = 14), !pdfs=(modelmcNe_over_modelmcNe_Int[x|FULL] = 0.000583415,modelmcMg_over_modelmcMg_Int[x|FULL] = 0.00410619,modelmcSi_over_modelmcSi_Int[x|FULL] = 0.821185,modelmcS_over_modelmcS_Int[x|FULL] = 0.0141774), !coefficients=(mcNe_frac = 129501,mcMg_frac = 130721,mcSi_frac = 129941,mcS_frac = 124396)
     getLogVal() top-level p.d.f not greater than zero @ !refCoefNorm=(x = 14), !pdfs=(modelmcNe_over_modelmcNe_Int[x|FULL] = 0.000583415,modelmcMg_over_modelmcMg_Int[x|FULL] = 0.00410619,modelmcSi_over_modelmcSi_Int[x|FULL] = 0.821185,modelmcS_over_modelmcS_Int[x|FULL] = 0.0141774), !coefficients=(mcNe_frac = 129501,mcMg_frac = 130721,mcSi_frac = 129941,mcS_frac = 124396)
     getLogVal() top-level p.d.f not greater than zero @ !refCoefNorm=(x = 14), !pdfs=(modelmcNe_over_modelmcNe_Int[x|FULL] = 0.000583415,modelmcMg_over_modelmcMg_Int[x|FULL] = 0.00410619,modelmcSi_over_modelmcSi_Int[x|FULL] = 0.821185,modelmcS_over_modelmcS_Int[x|FULL] = 0.0141774), !coefficients=(mcNe_frac = 129501,mcMg_frac = 130721,mcSi_frac = 129941,mcS_frac = 124396)
     getLogVal() top-level p.d.f not greater than zero @ !refCoefNorm=(x = 14), !pdfs=(modelmcNe_over_modelmcNe_Int[x|FULL] = 0.000583415,modelmcMg_over_modelmcMg_Int[x|FULL] = 0.00410619,modelmcSi_over_modelmcSi_Int[x|FULL] = 0.821185,modelmcS_over_modelmcS_Int[x|FULL] = 0.0141774), !coefficients=(mcNe_frac = 129501,mcMg_frac = 130721,mcSi_frac = 129941,mcS_frac = 124396)
     getLogVal() top-level p.d.f not greater than zero @ !refCoefNorm=(x = 14), !pdfs=(modelmcNe_over_modelmcNe_Int[x|FULL] = 0.000583415,modelmcMg_over_modelmcMg_Int[x|FULL] = 0.00410619,modelmcSi_over_modelmcSi_Int[x|FULL] = 0.821185,modelmcS_over_modelmcS_Int[x|FULL] = 0.0141774), !coefficients=(mcNe_frac = 129501,mcMg_frac = 130721,mcSi_frac = 129941,mcS_frac = 124396)
    ... (remaining 15 messages suppressed)

RooAbsMinimizerFcn: Minimized function has error status.
Returning maximum FCN so far (-inf) to force MIGRAD to back out of this region. Error log follows.
Parameter values: 	mcMg_frac=137569	mcNe_frac=129501	mcS_frac=124396	mcSi_frac=129941
RooAddPdf::model[ mcNe_frac * modelmcNe_over_modelmcNe_Int[x|FULL] + mcMg_frac * modelmcMg_over_modelmcMg_Int[x|FULL] + mcSi_frac * modelmcSi_over_modelmcSi_Int[x|FULL] + mcS_frac * modelmcS_over_modelmcS_Int[x|FULL] ]
     getLogVal() top-level p.d.f not greater than zero @ !refCoefNorm=(x = 14), !pdfs=(modelmcNe_over_modelmcNe_Int[x|FULL] = 0.000583415,modelmcMg_over_modelmcMg_Int[x|FULL] = 0.00410619,modelmcSi_over_modelmcSi_Int[x|FULL] = 0.821185,modelmcS_over_modelmcS_Int[x|FULL] = 0.0141774), !coefficients=(mcNe_frac = 129501,mcMg_frac = 137569,mcSi_frac = 129941,mcS_frac = 124396)
     getLogVal() top-level p.d.f not greater than zero @ !refCoefNorm=(x = 14), !pdfs=(modelmcNe_over_modelmcNe_Int[x|FULL] = 0.000583415,modelmcMg_over_modelmcMg_Int[x|FULL] = 0.00410619,modelmcSi_over_modelmcSi_Int[x|FULL] = 0.821185,modelmcS_over_modelmcS_Int[x|FULL] = 0.0141774), !coefficients=(mcNe_frac = 129501,mcMg_frac = 137569,mcSi_frac = 129941,mcS_frac = 124396)
     getLogVal() top-level p.d.f not greater than zero @ !refCoefNorm=(x = 14), !pdfs=(modelmcNe_over_modelmcNe_Int[x|FULL] = 0.000583415,modelmcMg_over_modelmcMg_Int[x|FULL] = 0.00410619,modelmcSi_over_modelmcSi_Int[x|FULL] = 0.821185,modelmcS_over_modelmcS_Int[x|FULL] = 0.0141774), !coefficients=(mcNe_frac = 129501,mcMg_frac = 137569,mcSi_frac = 129941,mcS_frac = 124396)
     getLogVal() top-level p.d.f not greater than zero @ !refCoefNorm=(x = 14), !pdfs=(modelmcNe_over_modelmcNe_Int[x|FULL] = 0.000583415,modelmcMg_over_modelmcMg_Int[x|FULL] = 0.00410619,modelmcSi_over_modelmcSi_Int[x|FULL] = 0.821185,modelmcS_over_modelmcS_Int[x|FULL] = 0.0141774), !coefficients=(mcNe_frac = 129501,mcMg_frac = 137569,mcSi_frac = 129941,mcS_frac = 124396)
     getLogVal() top-level p.d.f not greater than zero @ !refCoefNorm=(x = 14), !pdfs=(modelmcNe_over_modelmcNe_Int[x|FULL] = 0.000583415,modelmcMg_over_modelmcMg_Int[x|FULL] = 0.00410619,modelmcSi_over_modelmcSi_Int[x|FULL] = 0.821185,modelmcS_over_modelmcS_Int[x|FULL] = 0.0141774), !coefficients=(mcNe_frac = 129501,mcMg_frac = 137569,mcSi_frac = 129941,mcS_frac = 124396)
     getLogVal() top-level p.d.f not greater than zero @ !refCoefNorm=(x = 14), !pdfs=(modelmcNe_over_modelmcNe_Int[x|FULL] = 0.000583415,modelmcMg_over_modelmcMg_Int[x|FULL] = 0.00410619,modelmcSi_over_modelmcSi_Int[x|FULL] = 0.821185,modelmcS_over_modelmcS_Int[x|FULL] = 0.0141774), !coefficients=(mcNe_frac = 129501,mcMg_frac = 137569,mcSi_frac = 129941,mcS_frac = 124396)
     getLogVal() top-level p.d.f not greater than zero @ !refCoefNorm=(x = 14), !pdfs=(modelmcNe_over_modelmcNe_Int[x|FULL] = 0.000583415,modelmcMg_over_modelmcMg_Int[x|FULL] = 0.00410619,modelmcSi_over_modelmcSi_Int[x|FULL] = 0.821185,modelmcS_over_modelmcS_Int[x|FULL] = 0.0141774), !coefficients=(mcNe_frac = 129501,mcMg_frac = 137569,mcSi_frac = 129941,mcS_frac = 124396)
     getLogVal() top-level p.d.f not greater than zero @ !refCoefNorm=(x = 14), !pdfs=(modelmcNe_over_modelmcNe_Int[x|FULL] = 0.000583415,modelmcMg_over_modelmcMg_Int[x|FULL] = 0.00410619,modelmcSi_over_modelmcSi_Int[x|FULL] = 0.821185,modelmcS_over_modelmcS_Int[x|FULL] = 0.0141774), !coefficients=(mcNe_frac = 129501,mcMg_frac = 137569,mcSi_frac = 129941,mcS_frac = 124396)
     getLogVal() top-level p.d.f not greater than zero @ !refCoefNorm=(x = 14), !pdfs=(modelmcNe_over_modelmcNe_Int[x|FULL] = 0.000583415,modelmcMg_over_modelmcMg_Int[x|FULL] = 0.00410619,modelmcSi_over_modelmcSi_Int[x|FULL] = 0.821185,modelmcS_over_modelmcS_Int[x|FULL] = 0.0141774), !coefficients=(mcNe_frac = 129501,mcMg_frac = 137569,mcSi_frac = 129941,mcS_frac = 124396)
     getLogVal() top-level p.d.f not greater than zero @ !refCoefNorm=(x = 14), !pdfs=(modelmcNe_over_modelmcNe_Int[x|FULL] = 0.000583415,modelmcMg_over_modelmcMg_Int[x|FULL] = 0.00410619,modelmcSi_over_modelmcSi_Int[x|FULL] = 0.821185,modelmcS_over_modelmcS_Int[x|FULL] = 0.0141774), !coefficients=(mcNe_frac = 129501,mcMg_frac = 137569,mcSi_frac = 129941,mcS_frac = 124396)
     getLogVal() top-level p.d.f not greater than zero @ !refCoefNorm=(x = 14), !pdfs=(modelmcNe_over_modelmcNe_Int[x|FULL] = 0.000583415,modelmcMg_over_modelmcMg_Int[x|FULL] = 0.00410619,modelmcSi_over_modelmcSi_Int[x|FULL] = 0.821185,modelmcS_over_modelmcS_Int[x|FULL] = 0.0141774), !coefficients=(mcNe_frac = 129501,mcMg_frac = 137569,mcSi_frac = 129941,mcS_frac = 124396)
     getLogVal() top-level p.d.f not greater than zero @ !refCoefNorm=(x = 14), !pdfs=(modelmcNe_over_modelmcNe_Int[x|FULL] = 0.000583415,modelmcMg_over_modelmcMg_Int[x|FULL] = 0.00410619,modelmcSi_over_modelmcSi_Int[x|FULL] = 0.821185,modelmcS_over_modelmcS_Int[x|FULL] = 0.0141774), !coefficients=(mcNe_frac = 129501,mcMg_frac = 137569,mcSi_frac = 129941,mcS_frac = 124396)
    ... (remaining 15 messages suppressed)

RooAbsMinimizerFcn: Minimized function has error status.
Returning maximum FCN so far (-inf) to force MIGRAD to back out of this region. Error log follows.
Parameter values: 	mcMg_frac=124044	mcNe_frac=129501	mcS_frac=124396	mcSi_frac=129941
RooAddPdf::model[ mcNe_frac * modelmcNe_over_modelmcNe_Int[x|FULL] + mcMg_frac * modelmcMg_over_modelmcMg_Int[x|FULL] + mcSi_frac * modelmcSi_over_modelmcSi_Int[x|FULL] + mcS_frac * modelmcS_over_modelmcS_Int[x|FULL] ]
     getLogVal() top-level p.d.f not greater than zero @ !refCoefNorm=(x = 14), !pdfs=(modelmcNe_over_modelmcNe_Int[x|FULL] = 0.000583415,modelmcMg_over_modelmcMg_Int[x|FULL] = 0.00410619,modelmcSi_over_modelmcSi_Int[x|FULL] = 0.821185,modelmcS_over_modelmcS_Int[x|FULL] = 0.0141774), !coefficients=(mcNe_frac = 129501,mcMg_frac = 124044,mcSi_frac = 129941,mcS_frac = 124396)
     getLogVal() top-level p.d.f not greater than zero @ !refCoefNorm=(x = 14), !pdfs=(modelmcNe_over_modelmcNe_Int[x|FULL] = 0.000583415,modelmcMg_over_modelmcMg_Int[x|FULL] = 0.00410619,modelmcSi_over_modelmcSi_Int[x|FULL] = 0.821185,modelmcS_over_modelmcS_Int[x|FULL] = 0.0141774), !coefficients=(mcNe_frac = 129501,mcMg_frac = 124044,mcSi_frac = 129941,mcS_frac = 124396)
     getLogVal() top-level p.d.f not greater than zero @ !refCoefNorm=(x = 14), !pdfs=(modelmcNe_over_modelmcNe_Int[x|FULL] = 0.000583415,modelmcMg_over_modelmcMg_Int[x|FULL] = 0.00410619,modelmcSi_over_modelmcSi_Int[x|FULL] = 0.821185,modelmcS_over_modelmcS_Int[x|FULL] = 0.0141774), !coefficients=(mcNe_frac = 129501,mcMg_frac = 124044,mcSi_frac = 129941,mcS_frac = 124396)
     getLogVal() top-level p.d.f not greater than zero @ !refCoefNorm=(x = 14), !pdfs=(modelmcNe_over_modelmcNe_Int[x|FULL] = 0.000583415,modelmcMg_over_modelmcMg_Int[x|FULL] = 0.00410619,modelmcSi_over_modelmcSi_Int[x|FULL] = 0.821185,modelmcS_over_modelmcS_Int[x|FULL] = 0.0141774), !coefficients=(mcNe_frac = 129501,mcMg_frac = 124044,mcSi_frac = 129941,mcS_frac = 124396)
     getLogVal() top-level p.d.f not greater than zero @ !refCoefNorm=(x = 14), !pdfs=(modelmcNe_over_modelmcNe_Int[x|FULL] = 0.000583415,modelmcMg_over_modelmcMg_Int[x|FULL] = 0.00410619,modelmcSi_over_modelmcSi_Int[x|FULL] = 0.821185,modelmcS_over_modelmcS_Int[x|FULL] = 0.0141774), !coefficients=(mcNe_frac = 129501,mcMg_frac = 124044,mcSi_frac = 129941,mcS_frac = 124396)
     getLogVal() top-level p.d.f not greater than zero @ !refCoefNorm=(x = 14), !pdfs=(modelmcNe_over_modelmcNe_Int[x|FULL] = 0.000583415,modelmcMg_over_modelmcMg_Int[x|FULL] = 0.00410619,modelmcSi_over_modelmcSi_Int[x|FULL] = 0.821185,modelmcS_over_modelmcS_Int[x|FULL] = 0.0141774), !coefficients=(mcNe_frac = 129501,mcMg_frac = 124044,mcSi_frac = 129941,mcS_frac = 124396)
     getLogVal() top-level p.d.f not greater than zero @ !refCoefNorm=(x = 14), !pdfs=(modelmcNe_over_modelmcNe_Int[x|FULL] = 0.000583415,modelmcMg_over_modelmcMg_Int[x|FULL] = 0.00410619,modelmcSi_over_modelmcSi_Int[x|FULL] = 0.821185,modelmcS_over_modelmcS_Int[x|FULL] = 0.0141774), !coefficients=(mcNe_frac = 129501,mcMg_frac = 124044,mcSi_frac = 129941,mcS_frac = 124396)
     getLogVal() top-level p.d.f not greater than zero @ !refCoefNorm=(x = 14), !pdfs=(modelmcNe_over_modelmcNe_Int[x|FULL] = 0.000583415,modelmcMg_over_modelmcMg_Int[x|FULL] = 0.00410619,modelmcSi_over_modelmcSi_Int[x|FULL] = 0.821185,modelmcS_over_modelmcS_Int[x|FULL] = 0.0141774), !coefficients=(mcNe_frac = 129501,mcMg_frac = 124044,mcSi_frac = 129941,mcS_frac = 124396)
     getLogVal() top-level p.d.f not greater than zero @ !refCoefNorm=(x = 14), !pdfs=(modelmcNe_over_modelmcNe_Int[x|FULL] = 0.000583415,modelmcMg_over_modelmcMg_Int[x|FULL] = 0.00410619,modelmcSi_over_modelmcSi_Int[x|FULL] = 0.821185,modelmcS_over_modelmcS_Int[x|FULL] = 0.0141774), !coefficients=(mcNe_frac = 129501,mcMg_frac = 124044,mcSi_frac = 129941,mcS_frac = 124396)
     getLogVal() top-level p.d.f not greater than zero @ !refCoefNorm=(x = 14), !pdfs=(modelmcNe_over_modelmcNe_Int[x|FULL] = 0.000583415,modelmcMg_over_modelmcMg_Int[x|FULL] = 0.00410619,modelmcSi_over_modelmcSi_Int[x|FULL] = 0.821185,modelmcS_over_modelmcS_Int[x|FULL] = 0.0141774), !coefficients=(mcNe_frac = 129501,mcMg_frac = 124044,mcSi_frac = 129941,mcS_frac = 124396)
     getLogVal() top-level p.d.f not greater than zero @ !refCoefNorm=(x = 14), !pdfs=(modelmcNe_over_modelmcNe_Int[x|FULL] = 0.000583415,modelmcMg_over_modelmcMg_Int[x|FULL] = 0.00410619,modelmcSi_over_modelmcSi_Int[x|FULL] = 0.821185,modelmcS_over_modelmcS_Int[x|FULL] = 0.0141774), !coefficients=(mcNe_frac = 129501,mcMg_frac = 124044,mcSi_frac = 129941,mcS_frac = 124396)
     getLogVal() top-level p.d.f not greater than zero @ !refCoefNorm=(x = 14), !pdfs=(modelmcNe_over_modelmcNe_Int[x|FULL] = 0.000583415,modelmcMg_over_modelmcMg_Int[x|FULL] = 0.00410619,modelmcSi_over_modelmcSi_Int[x|FULL] = 0.821185,modelmcS_over_modelmcS_Int[x|FULL] = 0.0141774), !coefficients=(mcNe_frac = 129501,mcMg_frac = 124044,mcSi_frac = 129941,mcS_frac = 124396)
    ... (remaining 15 messages suppressed)

RooAbsMinimizerFcn: Minimized function has error status.
Returning maximum FCN so far (-inf) to force MIGRAD to back out of this region. Error log follows.
Parameter values: 	mcMg_frac=206785	mcNe_frac=129501	mcS_frac=124396	mcSi_frac=129941
RooAddPdf::model[ mcNe_frac * modelmcNe_over_modelmcNe_Int[x|FULL] + mcMg_frac * modelmcMg_over_modelmcMg_Int[x|FULL] + mcSi_frac * modelmcSi_over_modelmcSi_Int[x|FULL] + mcS_frac * modelmcS_over_modelmcS_Int[x|FULL] ]
     getLogVal() top-level p.d.f not greater than zero @ !refCoefNorm=(x = 14), !pdfs=(modelmcNe_over_modelmcNe_Int[x|FULL] = 0.000583415,modelmcMg_over_modelmcMg_Int[x|FULL] = 0.00410619,modelmcSi_over_modelmcSi_Int[x|FULL] = 0.821185,modelmcS_over_modelmcS_Int[x|FULL] = 0.0141774), !coefficients=(mcNe_frac = 129501,mcMg_frac = 206785,mcSi_frac = 129941,mcS_frac = 124396)
     getLogVal() top-level p.d.f not greater than zero @ !refCoefNorm=(x = 14), !pdfs=(modelmcNe_over_modelmcNe_Int[x|FULL] = 0.000583415,modelmcMg_over_modelmcMg_Int[x|FULL] = 0.00410619,modelmcSi_over_modelmcSi_Int[x|FULL] = 0.821185,modelmcS_over_modelmcS_Int[x|FULL] = 0.0141774), !coefficients=(mcNe_frac = 129501,mcMg_frac = 206785,mcSi_frac = 129941,mcS_frac = 124396)
     getLogVal() top-level p.d.f not greater than zero @ !refCoefNorm=(x = 14), !pdfs=(modelmcNe_over_modelmcNe_Int[x|FULL] = 0.000583415,modelmcMg_over_modelmcMg_Int[x|FULL] = 0.00410619,modelmcSi_over_modelmcSi_Int[x|FULL] = 0.821185,modelmcS_over_modelmcS_Int[x|FULL] = 0.0141774), !coefficients=(mcNe_frac = 129501,mcMg_frac = 206785,mcSi_frac = 129941,mcS_frac = 124396)
     getLogVal() top-level p.d.f not greater than zero @ !refCoefNorm=(x = 14), !pdfs=(modelmcNe_over_modelmcNe_Int[x|FULL] = 0.000583415,modelmcMg_over_modelmcMg_Int[x|FULL] = 0.00410619,modelmcSi_over_modelmcSi_Int[x|FULL] = 0.821185,modelmcS_over_modelmcS_Int[x|FULL] = 0.0141774), !coefficients=(mcNe_frac = 129501,mcMg_frac = 206785,mcSi_frac = 129941,mcS_frac = 124396)
     getLogVal() top-level p.d.f not greater than zero @ !refCoefNorm=(x = 14), !pdfs=(modelmcNe_over_modelmcNe_Int[x|FULL] = 0.000583415,modelmcMg_over_modelmcMg_Int[x|FULL] = 0.00410619,modelmcSi_over_modelmcSi_Int[x|FULL] = 0.821185,modelmcS_over_modelmcS_Int[x|FULL] = 0.0141774), !coefficients=(mcNe_frac = 129501,mcMg_frac = 206785,mcSi_frac = 129941,mcS_frac = 124396)
     getLogVal() top-level p.d.f not greater than zero @ !refCoefNorm=(x = 14), !pdfs=(modelmcNe_over_modelmcNe_Int[x|FULL] = 0.000583415,modelmcMg_over_modelmcMg_Int[x|FULL] = 0.00410619,modelmcSi_over_modelmcSi_Int[x|FULL] = 0.821185,modelmcS_over_modelmcS_Int[x|FULL] = 0.0141774), !coefficients=(mcNe_frac = 129501,mcMg_frac = 206785,mcSi_frac = 129941,mcS_frac = 124396)
     getLogVal() top-level p.d.f not greater than zero @ !refCoefNorm=(x = 14), !pdfs=(modelmcNe_over_modelmcNe_Int[x|FULL] = 0.000583415,modelmcMg_over_modelmcMg_Int[x|FULL] = 0.00410619,modelmcSi_over_modelmcSi_Int[x|FULL] = 0.821185,modelmcS_over_modelmcS_Int[x|FULL] = 0.0141774), !coefficients=(mcNe_frac = 129501,mcMg_frac = 206785,mcSi_frac = 129941,mcS_frac = 124396)
     getLogVal() top-level p.d.f not greater than zero @ !refCoefNorm=(x = 14), !pdfs=(modelmcNe_over_modelmcNe_Int[x|FULL] = 0.000583415,modelmcMg_over_modelmcMg_Int[x|FULL] = 0.00410619,modelmcSi_over_modelmcSi_Int[x|FULL] = 0.821185,modelmcS_over_modelmcS_Int[x|FULL] = 0.0141774), !coefficients=(mcNe_frac = 129501,mcMg_frac = 206785,mcSi_frac = 129941,mcS_frac = 124396)
     getLogVal() top-level p.d.f not greater than zero @ !refCoefNorm=(x = 14), !pdfs=(modelmcNe_over_modelmcNe_Int[x|FULL] = 0.000583415,modelmcMg_over_modelmcMg_Int[x|FULL] = 0.00410619,modelmcSi_over_modelmcSi_Int[x|FULL] = 0.821185,modelmcS_over_modelmcS_Int[x|FULL] = 0.0141774), !coefficients=(mcNe_frac = 129501,mcMg_frac = 206785,mcSi_frac = 129941,mcS_frac = 124396)
     getLogVal() top-level p.d.f not greater than zero @ !refCoefNorm=(x = 14), !pdfs=(modelmcNe_over_modelmcNe_Int[x|FULL] = 0.000583415,modelmcMg_over_modelmcMg_Int[x|FULL] = 0.00410619,modelmcSi_over_modelmcSi_Int[x|FULL] = 0.821185,modelmcS_over_modelmcS_Int[x|FULL] = 0.0141774), !coefficients=(mcNe_frac = 129501,mcMg_frac = 206785,mcSi_frac = 129941,mcS_frac = 124396)
     getLogVal() top-level p.d.f not greater than zero @ !refCoefNorm=(x = 14), !pdfs=(modelmcNe_over_modelmcNe_Int[x|FULL] = 0.000583415,modelmcMg_over_modelmcMg_Int[x|FULL] = 0.00410619,modelmcSi_over_modelmcSi_Int[x|FULL] = 0.821185,modelmcS_over_modelmcS_Int[x|FULL] = 0.0141774), !coefficients=(mcNe_frac = 129501,mcMg_frac = 206785,mcSi_frac = 129941,mcS_frac = 124396)
     getLogVal() top-level p.d.f not greater than zero @ !refCoefNorm=(x = 14), !pdfs=(modelmcNe_over_modelmcNe_Int[x|FULL] = 0.000583415,modelmcMg_over_modelmcMg_Int[x|FULL] = 0.00410619,modelmcSi_over_modelmcSi_Int[x|FULL] = 0.821185,modelmcS_over_modelmcS_Int[x|FULL] = 0.0141774), !coefficients=(mcNe_frac = 129501,mcMg_frac = 206785,mcSi_frac = 129941,mcS_frac = 124396)
    ... (remaining 15 messages suppressed)

RooAbsMinimizerFcn: Minimized function has error status.
Returning maximum FCN so far (-inf) to force MIGRAD to back out of this region. Error log follows.
Parameter values: 	mcMg_frac=71685.4	mcNe_frac=129501	mcS_frac=124396	mcSi_frac=129941
RooAddPdf::model[ mcNe_frac * modelmcNe_over_modelmcNe_Int[x|FULL] + mcMg_frac * modelmcMg_over_modelmcMg_Int[x|FULL] + mcSi_frac * modelmcSi_over_modelmcSi_Int[x|FULL] + mcS_frac * modelmcS_over_modelmcS_Int[x|FULL] ]
     getLogVal() top-level p.d.f not greater than zero @ !refCoefNorm=(x = 14), !pdfs=(modelmcNe_over_modelmcNe_Int[x|FULL] = 0.000583415,modelmcMg_over_modelmcMg_Int[x|FULL] = 0.00410619,modelmcSi_over_modelmcSi_Int[x|FULL] = 0.821185,modelmcS_over_modelmcS_Int[x|FULL] = 0.0141774), !coefficients=(mcNe_frac = 129501,mcMg_frac = 71685.4,mcSi_frac = 129941,mcS_frac = 124396)
     getLogVal() top-level p.d.f not greater than zero @ !refCoefNorm=(x = 14), !pdfs=(modelmcNe_over_modelmcNe_Int[x|FULL] = 0.000583415,modelmcMg_over_modelmcMg_Int[x|FULL] = 0.00410619,modelmcSi_over_modelmcSi_Int[x|FULL] = 0.821185,modelmcS_over_modelmcS_Int[x|FULL] = 0.0141774), !coefficients=(mcNe_frac = 129501,mcMg_frac = 71685.4,mcSi_frac = 129941,mcS_frac = 124396)
     getLogVal() top-level p.d.f not greater than zero @ !refCoefNorm=(x = 14), !pdfs=(modelmcNe_over_modelmcNe_Int[x|FULL] = 0.000583415,modelmcMg_over_modelmcMg_Int[x|FULL] = 0.00410619,modelmcSi_over_modelmcSi_Int[x|FULL] = 0.821185,modelmcS_over_modelmcS_Int[x|FULL] = 0.0141774), !coefficients=(mcNe_frac = 129501,mcMg_frac = 71685.4,mcSi_frac = 129941,mcS_frac = 124396)
     getLogVal() top-level p.d.f not greater than zero @ !refCoefNorm=(x = 14), !pdfs=(modelmcNe_over_modelmcNe_Int[x|FULL] = 0.000583415,modelmcMg_over_modelmcMg_Int[x|FULL] = 0.00410619,modelmcSi_over_modelmcSi_Int[x|FULL] = 0.821185,modelmcS_over_modelmcS_Int[x|FULL] = 0.0141774), !coefficients=(mcNe_frac = 129501,mcMg_frac = 71685.4,mcSi_frac = 129941,mcS_frac = 124396)
     getLogVal() top-level p.d.f not greater than zero @ !refCoefNorm=(x = 14), !pdfs=(modelmcNe_over_modelmcNe_Int[x|FULL] = 0.000583415,modelmcMg_over_modelmcMg_Int[x|FULL] = 0.00410619,modelmcSi_over_modelmcSi_Int[x|FULL] = 0.821185,modelmcS_over_modelmcS_Int[x|FULL] = 0.0141774), !coefficients=(mcNe_frac = 129501,mcMg_frac = 71685.4,mcSi_frac = 129941,mcS_frac = 124396)
     getLogVal() top-level p.d.f not greater than zero @ !refCoefNorm=(x = 14), !pdfs=(modelmcNe_over_modelmcNe_Int[x|FULL] = 0.000583415,modelmcMg_over_modelmcMg_Int[x|FULL] = 0.00410619,modelmcSi_over_modelmcSi_Int[x|FULL] = 0.821185,modelmcS_over_modelmcS_Int[x|FULL] = 0.0141774), !coefficients=(mcNe_frac = 129501,mcMg_frac = 71685.4,mcSi_frac = 129941,mcS_frac = 124396)
     getLogVal() top-level p.d.f not greater than zero @ !refCoefNorm=(x = 14), !pdfs=(modelmcNe_over_modelmcNe_Int[x|FULL] = 0.000583415,modelmcMg_over_modelmcMg_Int[x|FULL] = 0.00410619,modelmcSi_over_modelmcSi_Int[x|FULL] = 0.821185,modelmcS_over_modelmcS_Int[x|FULL] = 0.0141774), !coefficients=(mcNe_frac = 129501,mcMg_frac = 71685.4,mcSi_frac = 129941,mcS_frac = 124396)
     getLogVal() top-level p.d.f not greater than zero @ !refCoefNorm=(x = 14), !pdfs=(modelmcNe_over_modelmcNe_Int[x|FULL] = 0.000583415,modelmcMg_over_modelmcMg_Int[x|FULL] = 0.00410619,modelmcSi_over_modelmcSi_Int[x|FULL] = 0.821185,modelmcS_over_modelmcS_Int[x|FULL] = 0.0141774), !coefficients=(mcNe_frac = 129501,mcMg_frac = 71685.4,mcSi_frac = 129941,mcS_frac = 124396)
     getLogVal() top-level p.d.f not greater than zero @ !refCoefNorm=(x = 14), !pdfs=(modelmcNe_over_modelmcNe_Int[x|FULL] = 0.000583415,modelmcMg_over_modelmcMg_Int[x|FULL] = 0.00410619,modelmcSi_over_modelmcSi_Int[x|FULL] = 0.821185,modelmcS_over_modelmcS_Int[x|FULL] = 0.0141774), !coefficients=(mcNe_frac = 129501,mcMg_frac = 71685.4,mcSi_frac = 129941,mcS_frac = 124396)
     getLogVal() top-level p.d.f not greater than zero @ !refCoefNorm=(x = 14), !pdfs=(modelmcNe_over_modelmcNe_Int[x|FULL] = 0.000583415,modelmcMg_over_modelmcMg_Int[x|FULL] = 0.00410619,modelmcSi_over_modelmcSi_Int[x|FULL] = 0.821185,modelmcS_over_modelmcS_Int[x|FULL] = 0.0141774), !coefficients=(mcNe_frac = 129501,mcMg_frac = 71685.4,mcSi_frac = 129941,mcS_frac = 124396)
     getLogVal() top-level p.d.f not greater than zero @ !refCoefNorm=(x = 14), !pdfs=(modelmcNe_over_modelmcNe_Int[x|FULL] = 0.000583415,modelmcMg_over_modelmcMg_Int[x|FULL] = 0.00410619,modelmcSi_over_modelmcSi_Int[x|FULL] = 0.821185,modelmcS_over_modelmcS_Int[x|FULL] = 0.0141774), !coefficients=(mcNe_frac = 129501,mcMg_frac = 71685.4,mcSi_frac = 129941,mcS_frac = 124396)
     getLogVal() top-level p.d.f not greater than zero @ !refCoefNorm=(x = 14), !pdfs=(modelmcNe_over_modelmcNe_Int[x|FULL] = 0.000583415,modelmcMg_over_modelmcMg_Int[x|FULL] = 0.00410619,modelmcSi_over_modelmcSi_Int[x|FULL] = 0.821185,modelmcS_over_modelmcS_Int[x|FULL] = 0.0141774), !coefficients=(mcNe_frac = 129501,mcMg_frac = 71685.4,mcSi_frac = 129941,mcS_frac = 124396)
    ... (remaining 15 messages suppressed)

RooAbsMinimizerFcn: Minimized function has error status.
Returning maximum FCN so far (-inf) to force MIGRAD to back out of this region. Error log follows.
Parameter values: 	mcMg_frac=836747	mcNe_frac=129501	mcS_frac=124396	mcSi_frac=129941
RooAddPdf::model[ mcNe_frac * modelmcNe_over_modelmcNe_Int[x|FULL] + mcMg_frac * modelmcMg_over_modelmcMg_Int[x|FULL] + mcSi_frac * modelmcSi_over_modelmcSi_Int[x|FULL] + mcS_frac * modelmcS_over_modelmcS_Int[x|FULL] ]
     getLogVal() top-level p.d.f not greater than zero @ !refCoefNorm=(x = 14), !pdfs=(modelmcNe_over_modelmcNe_Int[x|FULL] = 0.000583415,modelmcMg_over_modelmcMg_Int[x|FULL] = 0.00410619,modelmcSi_over_modelmcSi_Int[x|FULL] = 0.821185,modelmcS_over_modelmcS_Int[x|FULL] = 0.0141774), !coefficients=(mcNe_frac = 129501,mcMg_frac = 836747,mcSi_frac = 129941,mcS_frac = 124396)
     getLogVal() top-level p.d.f not greater than zero @ !refCoefNorm=(x = 14), !pdfs=(modelmcNe_over_modelmcNe_Int[x|FULL] = 0.000583415,modelmcMg_over_modelmcMg_Int[x|FULL] = 0.00410619,modelmcSi_over_modelmcSi_Int[x|FULL] = 0.821185,modelmcS_over_modelmcS_Int[x|FULL] = 0.0141774), !coefficients=(mcNe_frac = 129501,mcMg_frac = 836747,mcSi_frac = 129941,mcS_frac = 124396)
     getLogVal() top-level p.d.f not greater than zero @ !refCoefNorm=(x = 14), !pdfs=(modelmcNe_over_modelmcNe_Int[x|FULL] = 0.000583415,modelmcMg_over_modelmcMg_Int[x|FULL] = 0.00410619,modelmcSi_over_modelmcSi_Int[x|FULL] = 0.821185,modelmcS_over_modelmcS_Int[x|FULL] = 0.0141774), !coefficients=(mcNe_frac = 129501,mcMg_frac = 836747,mcSi_frac = 129941,mcS_frac = 124396)
     getLogVal() top-level p.d.f not greater than zero @ !refCoefNorm=(x = 14), !pdfs=(modelmcNe_over_modelmcNe_Int[x|FULL] = 0.000583415,modelmcMg_over_modelmcMg_Int[x|FULL] = 0.00410619,modelmcSi_over_modelmcSi_Int[x|FULL] = 0.821185,modelmcS_over_modelmcS_Int[x|FULL] = 0.0141774), !coefficients=(mcNe_frac = 129501,mcMg_frac = 836747,mcSi_frac = 129941,mcS_frac = 124396)
     getLogVal() top-level p.d.f not greater than zero @ !refCoefNorm=(x = 14), !pdfs=(modelmcNe_over_modelmcNe_Int[x|FULL] = 0.000583415,modelmcMg_over_modelmcMg_Int[x|FULL] = 0.00410619,modelmcSi_over_modelmcSi_Int[x|FULL] = 0.821185,modelmcS_over_modelmcS_Int[x|FULL] = 0.0141774), !coefficients=(mcNe_frac = 129501,mcMg_frac = 836747,mcSi_frac = 129941,mcS_frac = 124396)
     getLogVal() top-level p.d.f not greater than zero @ !refCoefNorm=(x = 14), !pdfs=(modelmcNe_over_modelmcNe_Int[x|FULL] = 0.000583415,modelmcMg_over_modelmcMg_Int[x|FULL] = 0.00410619,modelmcSi_over_modelmcSi_Int[x|FULL] = 0.821185,modelmcS_over_modelmcS_Int[x|FULL] = 0.0141774), !coefficients=(mcNe_frac = 129501,mcMg_frac = 836747,mcSi_frac = 129941,mcS_frac = 124396)
     getLogVal() top-level p.d.f not greater than zero @ !refCoefNorm=(x = 14), !pdfs=(modelmcNe_over_modelmcNe_Int[x|FULL] = 0.000583415,modelmcMg_over_modelmcMg_Int[x|FULL] = 0.00410619,modelmcSi_over_modelmcSi_Int[x|FULL] = 0.821185,modelmcS_over_modelmcS_Int[x|FULL] = 0.0141774), !coefficients=(mcNe_frac = 129501,mcMg_frac = 836747,mcSi_frac = 129941,mcS_frac = 124396)
     getLogVal() top-level p.d.f not greater than zero @ !refCoefNorm=(x = 14), !pdfs=(modelmcNe_over_modelmcNe_Int[x|FULL] = 0.000583415,modelmcMg_over_modelmcMg_Int[x|FULL] = 0.00410619,modelmcSi_over_modelmcSi_Int[x|FULL] = 0.821185,modelmcS_over_modelmcS_Int[x|FULL] = 0.0141774), !coefficients=(mcNe_frac = 129501,mcMg_frac = 836747,mcSi_frac = 129941,mcS_frac = 124396)
     getLogVal() top-level p.d.f not greater than zero @ !refCoefNorm=(x = 14), !pdfs=(modelmcNe_over_modelmcNe_Int[x|FULL] = 0.000583415,modelmcMg_over_modelmcMg_Int[x|FULL] = 0.00410619,modelmcSi_over_modelmcSi_Int[x|FULL] = 0.821185,modelmcS_over_modelmcS_Int[x|FULL] = 0.0141774), !coefficients=(mcNe_frac = 129501,mcMg_frac = 836747,mcSi_frac = 129941,mcS_frac = 124396)
     getLogVal() top-level p.d.f not greater than zero @ !refCoefNorm=(x = 14), !pdfs=(modelmcNe_over_modelmcNe_Int[x|FULL] = 0.000583415,modelmcMg_over_modelmcMg_Int[x|FULL] = 0.00410619,modelmcSi_over_modelmcSi_Int[x|FULL] = 0.821185,modelmcS_over_modelmcS_Int[x|FULL] = 0.0141774), !coefficients=(mcNe_frac = 129501,mcMg_frac = 836747,mcSi_frac = 129941,mcS_frac = 124396)
     getLogVal() top-level p.d.f not greater than zero @ !refCoefNorm=(x = 14), !pdfs=(modelmcNe_over_modelmcNe_Int[x|FULL] = 0.000583415,modelmcMg_over_modelmcMg_Int[x|FULL] = 0.00410619,modelmcSi_over_modelmcSi_Int[x|FULL] = 0.821185,modelmcS_over_modelmcS_Int[x|FULL] = 0.0141774), !coefficients=(mcNe_frac = 129501,mcMg_frac = 836747,mcSi_frac = 129941,mcS_frac = 124396)
     getLogVal() top-level p.d.f not greater than zero @ !refCoefNorm=(x = 14), !pdfs=(modelmcNe_over_modelmcNe_Int[x|FULL] = 0.000583415,modelmcMg_over_modelmcMg_Int[x|FULL] = 0.00410619,modelmcSi_over_modelmcSi_Int[x|FULL] = 0.821185,modelmcS_over_modelmcS_Int[x|FULL] = 0.0141774), !coefficients=(mcNe_frac = 129501,mcMg_frac = 836747,mcSi_frac = 129941,mcS_frac = 124396)
    ... (remaining 15 messages suppressed)

RooAbsMinimizerFcn: Minimized function has error status.
Returning maximum FCN so far (-inf) to force MIGRAD to back out of this region. Error log follows.
Parameter values: 	mcMg_frac=46230.7	mcNe_frac=129501	mcS_frac=124396	mcSi_frac=129941
RooAddPdf::model[ mcNe_frac * modelmcNe_over_modelmcNe_Int[x|FULL] + mcMg_frac * modelmcMg_over_modelmcMg_Int[x|FULL] + mcSi_frac * modelmcSi_over_modelmcSi_Int[x|FULL] + mcS_frac * modelmcS_over_modelmcS_Int[x|FULL] ]
     getLogVal() top-level p.d.f not greater than zero @ !refCoefNorm=(x = 14), !pdfs=(modelmcNe_over_modelmcNe_Int[x|FULL] = 0.000583415,modelmcMg_over_modelmcMg_Int[x|FULL] = 0.00410619,modelmcSi_over_modelmcSi_Int[x|FULL] = 0.821185,modelmcS_over_modelmcS_Int[x|FULL] = 0.0141774), !coefficients=(mcNe_frac = 129501,mcMg_frac = 46230.7,mcSi_frac = 129941,mcS_frac = 124396)
     getLogVal() top-level p.d.f not greater than zero @ !refCoefNorm=(x = 14), !pdfs=(modelmcNe_over_modelmcNe_Int[x|FULL] = 0.000583415,modelmcMg_over_modelmcMg_Int[x|FULL] = 0.00410619,modelmcSi_over_modelmcSi_Int[x|FULL] = 0.821185,modelmcS_over_modelmcS_Int[x|FULL] = 0.0141774), !coefficients=(mcNe_frac = 129501,mcMg_frac = 46230.7,mcSi_frac = 129941,mcS_frac = 124396)
     getLogVal() top-level p.d.f not greater than zero @ !refCoefNorm=(x = 14), !pdfs=(modelmcNe_over_modelmcNe_Int[x|FULL] = 0.000583415,modelmcMg_over_modelmcMg_Int[x|FULL] = 0.00410619,modelmcSi_over_modelmcSi_Int[x|FULL] = 0.821185,modelmcS_over_modelmcS_Int[x|FULL] = 0.0141774), !coefficients=(mcNe_frac = 129501,mcMg_frac = 46230.7,mcSi_frac = 129941,mcS_frac = 124396)
     getLogVal() top-level p.d.f not greater than zero @ !refCoefNorm=(x = 14), !pdfs=(modelmcNe_over_modelmcNe_Int[x|FULL] = 0.000583415,modelmcMg_over_modelmcMg_Int[x|FULL] = 0.00410619,modelmcSi_over_modelmcSi_Int[x|FULL] = 0.821185,modelmcS_over_modelmcS_Int[x|FULL] = 0.0141774), !coefficients=(mcNe_frac = 129501,mcMg_frac = 46230.7,mcSi_frac = 129941,mcS_frac = 124396)
     getLogVal() top-level p.d.f not greater than zero @ !refCoefNorm=(x = 14), !pdfs=(modelmcNe_over_modelmcNe_Int[x|FULL] = 0.000583415,modelmcMg_over_modelmcMg_Int[x|FULL] = 0.00410619,modelmcSi_over_modelmcSi_Int[x|FULL] = 0.821185,modelmcS_over_modelmcS_Int[x|FULL] = 0.0141774), !coefficients=(mcNe_frac = 129501,mcMg_frac = 46230.7,mcSi_frac = 129941,mcS_frac = 124396)
     getLogVal() top-level p.d.f not greater than zero @ !refCoefNorm=(x = 14), !pdfs=(modelmcNe_over_modelmcNe_Int[x|FULL] = 0.000583415,modelmcMg_over_modelmcMg_Int[x|FULL] = 0.00410619,modelmcSi_over_modelmcSi_Int[x|FULL] = 0.821185,modelmcS_over_modelmcS_Int[x|FULL] = 0.0141774), !coefficients=(mcNe_frac = 129501,mcMg_frac = 46230.7,mcSi_frac = 129941,mcS_frac = 124396)
     getLogVal() top-level p.d.f not greater than zero @ !refCoefNorm=(x = 14), !pdfs=(modelmcNe_over_modelmcNe_Int[x|FULL] = 0.000583415,modelmcMg_over_modelmcMg_Int[x|FULL] = 0.00410619,modelmcSi_over_modelmcSi_Int[x|FULL] = 0.821185,modelmcS_over_modelmcS_Int[x|FULL] = 0.0141774), !coefficients=(mcNe_frac = 129501,mcMg_frac = 46230.7,mcSi_frac = 129941,mcS_frac = 124396)
     getLogVal() top-level p.d.f not greater than zero @ !refCoefNorm=(x = 14), !pdfs=(modelmcNe_over_modelmcNe_Int[x|FULL] = 0.000583415,modelmcMg_over_modelmcMg_Int[x|FULL] = 0.00410619,modelmcSi_over_modelmcSi_Int[x|FULL] = 0.821185,modelmcS_over_modelmcS_Int[x|FULL] = 0.0141774), !coefficients=(mcNe_frac = 129501,mcMg_frac = 46230.7,mcSi_frac = 129941,mcS_frac = 124396)
     getLogVal() top-level p.d.f not greater than zero @ !refCoefNorm=(x = 14), !pdfs=(modelmcNe_over_modelmcNe_Int[x|FULL] = 0.000583415,modelmcMg_over_modelmcMg_Int[x|FULL] = 0.00410619,modelmcSi_over_modelmcSi_Int[x|FULL] = 0.821185,modelmcS_over_modelmcS_Int[x|FULL] = 0.0141774), !coefficients=(mcNe_frac = 129501,mcMg_frac = 46230.7,mcSi_frac = 129941,mcS_frac = 124396)
     getLogVal() top-level p.d.f not greater than zero @ !refCoefNorm=(x = 14), !pdfs=(modelmcNe_over_modelmcNe_Int[x|FULL] = 0.000583415,modelmcMg_over_modelmcMg_Int[x|FULL] = 0.00410619,modelmcSi_over_modelmcSi_Int[x|FULL] = 0.821185,modelmcS_over_modelmcS_Int[x|FULL] = 0.0141774), !coefficients=(mcNe_frac = 129501,mcMg_frac = 46230.7,mcSi_frac = 129941,mcS_frac = 124396)
     getLogVal() top-level p.d.f not greater than zero @ !refCoefNorm=(x = 14), !pdfs=(modelmcNe_over_modelmcNe_Int[x|FULL] = 0.000583415,modelmcMg_over_modelmcMg_Int[x|FULL] = 0.00410619,modelmcSi_over_modelmcSi_Int[x|FULL] = 0.821185,modelmcS_over_modelmcS_Int[x|FULL] = 0.0141774), !coefficients=(mcNe_frac = 129501,mcMg_frac = 46230.7,mcSi_frac = 129941,mcS_frac = 124396)
     getLogVal() top-level p.d.f not greater than zero @ !refCoefNorm=(x = 14), !pdfs=(modelmcNe_over_modelmcNe_Int[x|FULL] = 0.000583415,modelmcMg_over_modelmcMg_Int[x|FULL] = 0.00410619,modelmcSi_over_modelmcSi_Int[x|FULL] = 0.821185,modelmcS_over_modelmcS_Int[x|FULL] = 0.0141774), !coefficients=(mcNe_frac = 129501,mcMg_frac = 46230.7,mcSi_frac = 129941,mcS_frac = 124396)
    ... (remaining 15 messages suppressed)

Warning in <Minuit2>: MnHesse 2nd derivative zero for parameter mcMg_frac ; MnHesse fails and will return diagonal matrix
Warning in <Minuit2>: VariableMetricBuilder Invalid Hessian - exit the minimization
Warning in <Minuit2>: Minuit2Minimizer::Minimize Minimization did NOT converge, Hesse is not valid
Minuit2Minimizer : Invalid minimum - status = 2
FVAL  = 0
Edm   = 0
Nfcn  = 24
[#0] ERROR:Minimization -- RooMinimizer: all function calls during minimization gave invalid NLL values!
RooAbsMinimizerFcn: Minimized function has error status.
Returning maximum FCN so far (-inf) to force MIGRAD to back out of this region. Error log follows.
Parameter values: 	mcMg_frac=130721	mcNe_frac=129501	mcS_frac=124396	mcSi_frac=129941
RooAddPdf::model[ mcNe_frac * modelmcNe_over_modelmcNe_Int[x|FULL] + mcMg_frac * modelmcMg_over_modelmcMg_Int[x|FULL] + mcSi_frac * modelmcSi_over_modelmcSi_Int[x|FULL] + mcS_frac * modelmcS_over_modelmcS_Int[x|FULL] ]
     getLogVal() top-level p.d.f not greater than zero @ !refCoefNorm=(x = 14), !pdfs=(modelmcNe_over_modelmcNe_Int[x|FULL] = 0.000583415,modelmcMg_over_modelmcMg_Int[x|FULL] = 0.00410619,modelmcSi_over_modelmcSi_Int[x|FULL] = 0.821185,modelmcS_over_modelmcS_Int[x|FULL] = 0.0141774), !coefficients=(mcNe_frac = 129501 +/- 0,mcMg_frac = 130721 +/- 0,mcSi_frac = 129941 +/- 0,mcS_frac = 124396 +/- 0)
     getLogVal() top-level p.d.f not greater than zero @ !refCoefNorm=(x = 14), !pdfs=(modelmcNe_over_modelmcNe_Int[x|FULL] = 0.000583415,modelmcMg_over_modelmcMg_Int[x|FULL] = 0.00410619,modelmcSi_over_modelmcSi_Int[x|FULL] = 0.821185,modelmcS_over_modelmcS_Int[x|FULL] = 0.0141774), !coefficients=(mcNe_frac = 129501 +/- 0,mcMg_frac = 130721 +/- 0,mcSi_frac = 129941 +/- 0,mcS_frac = 124396 +/- 0)
     getLogVal() top-level p.d.f not greater than zero @ !refCoefNorm=(x = 14), !pdfs=(modelmcNe_over_modelmcNe_Int[x|FULL] = 0.000583415,modelmcMg_over_modelmcMg_Int[x|FULL] = 0.00410619,modelmcSi_over_modelmcSi_Int[x|FULL] = 0.821185,modelmcS_over_modelmcS_Int[x|FULL] = 0.0141774), !coefficients=(mcNe_frac = 129501 +/- 0,mcMg_frac = 130721 +/- 0,mcSi_frac = 129941 +/- 0,mcS_frac = 124396 +/- 0)
     getLogVal() top-level p.d.f not greater than zero @ !refCoefNorm=(x = 14), !pdfs=(modelmcNe_over_modelmcNe_Int[x|FULL] = 0.000583415,modelmcMg_over_modelmcMg_Int[x|FULL] = 0.00410619,modelmcSi_over_modelmcSi_Int[x|FULL] = 0.821185,modelmcS_over_modelmcS_Int[x|FULL] = 0.0141774), !coefficients=(mcNe_frac = 129501 +/- 0,mcMg_frac = 130721 +/- 0,mcSi_frac = 129941 +/- 0,mcS_frac = 124396 +/- 0)
     getLogVal() top-level p.d.f not greater than zero @ !refCoefNorm=(x = 14), !pdfs=(modelmcNe_over_modelmcNe_Int[x|FULL] = 0.000583415,modelmcMg_over_modelmcMg_Int[x|FULL] = 0.00410619,modelmcSi_over_modelmcSi_Int[x|FULL] = 0.821185,modelmcS_over_modelmcS_Int[x|FULL] = 0.0141774), !coefficients=(mcNe_frac = 129501 +/- 0,mcMg_frac = 130721 +/- 0,mcSi_frac = 129941 +/- 0,mcS_frac = 124396 +/- 0)
     getLogVal() top-level p.d.f not greater than zero @ !refCoefNorm=(x = 14), !pdfs=(modelmcNe_over_modelmcNe_Int[x|FULL] = 0.000583415,modelmcMg_over_modelmcMg_Int[x|FULL] = 0.00410619,modelmcSi_over_modelmcSi_Int[x|FULL] = 0.821185,modelmcS_over_modelmcS_Int[x|FULL] = 0.0141774), !coefficients=(mcNe_frac = 129501 +/- 0,mcMg_frac = 130721 +/- 0,mcSi_frac = 129941 +/- 0,mcS_frac = 124396 +/- 0)
     getLogVal() top-level p.d.f not greater than zero @ !refCoefNorm=(x = 14), !pdfs=(modelmcNe_over_modelmcNe_Int[x|FULL] = 0.000583415,modelmcMg_over_modelmcMg_Int[x|FULL] = 0.00410619,modelmcSi_over_modelmcSi_Int[x|FULL] = 0.821185,modelmcS_over_modelmcS_Int[x|FULL] = 0.0141774), !coefficients=(mcNe_frac = 129501 +/- 0,mcMg_frac = 130721 +/- 0,mcSi_frac = 129941 +/- 0,mcS_frac = 124396 +/- 0)
     getLogVal() top-level p.d.f not greater than zero @ !refCoefNorm=(x = 14), !pdfs=(modelmcNe_over_modelmcNe_Int[x|FULL] = 0.000583415,modelmcMg_over_modelmcMg_Int[x|FULL] = 0.00410619,modelmcSi_over_modelmcSi_Int[x|FULL] = 0.821185,modelmcS_over_modelmcS_Int[x|FULL] = 0.0141774), !coefficients=(mcNe_frac = 129501 +/- 0,mcMg_frac = 130721 +/- 0,mcSi_frac = 129941 +/- 0,mcS_frac = 124396 +/- 0)
     getLogVal() top-level p.d.f not greater than zero @ !refCoefNorm=(x = 14), !pdfs=(modelmcNe_over_modelmcNe_Int[x|FULL] = 0.000583415,modelmcMg_over_modelmcMg_Int[x|FULL] = 0.00410619,modelmcSi_over_modelmcSi_Int[x|FULL] = 0.821185,modelmcS_over_modelmcS_Int[x|FULL] = 0.0141774), !coefficients=(mcNe_frac = 129501 +/- 0,mcMg_frac = 130721 +/- 0,mcSi_frac = 129941 +/- 0,mcS_frac = 124396 +/- 0)
     getLogVal() top-level p.d.f not greater than zero @ !refCoefNorm=(x = 14), !pdfs=(modelmcNe_over_modelmcNe_Int[x|FULL] = 0.000583415,modelmcMg_over_modelmcMg_Int[x|FULL] = 0.00410619,modelmcSi_over_modelmcSi_Int[x|FULL] = 0.821185,modelmcS_over_modelmcS_Int[x|FULL] = 0.0141774), !coefficients=(mcNe_frac = 129501 +/- 0,mcMg_frac = 130721 +/- 0,mcSi_frac = 129941 +/- 0,mcS_frac = 124396 +/- 0)
     getLogVal() top-level p.d.f not greater than zero @ !refCoefNorm=(x = 14), !pdfs=(modelmcNe_over_modelmcNe_Int[x|FULL] = 0.000583415,modelmcMg_over_modelmcMg_Int[x|FULL] = 0.00410619,modelmcSi_over_modelmcSi_Int[x|FULL] = 0.821185,modelmcS_over_modelmcS_Int[x|FULL] = 0.0141774), !coefficients=(mcNe_frac = 129501 +/- 0,mcMg_frac = 130721 +/- 0,mcSi_frac = 129941 +/- 0,mcS_frac = 124396 +/- 0)
     getLogVal() top-level p.d.f not greater than zero @ !refCoefNorm=(x = 14), !pdfs=(modelmcNe_over_modelmcNe_Int[x|FULL] = 0.000583415,modelmcMg_over_modelmcMg_Int[x|FULL] = 0.00410619,modelmcSi_over_modelmcSi_Int[x|FULL] = 0.821185,modelmcS_over_modelmcS_Int[x|FULL] = 0.0141774), !coefficients=(mcNe_frac = 129501 +/- 0,mcMg_frac = 130721 +/- 0,mcSi_frac = 129941 +/- 0,mcS_frac = 124396 +/- 0)
    ... (remaining 15 messages suppressed)

RooAbsMinimizerFcn: Minimized function has error status.
Returning maximum FCN so far (-inf) to force MIGRAD to back out of this region. Error log follows.
Parameter values: 	mcMg_frac=137569	mcNe_frac=129501	mcS_frac=124396	mcSi_frac=129941
RooAddPdf::model[ mcNe_frac * modelmcNe_over_modelmcNe_Int[x|FULL] + mcMg_frac * modelmcMg_over_modelmcMg_Int[x|FULL] + mcSi_frac * modelmcSi_over_modelmcSi_Int[x|FULL] + mcS_frac * modelmcS_over_modelmcS_Int[x|FULL] ]
     getLogVal() top-level p.d.f not greater than zero @ !refCoefNorm=(x = 14), !pdfs=(modelmcNe_over_modelmcNe_Int[x|FULL] = 0.000583415,modelmcMg_over_modelmcMg_Int[x|FULL] = 0.00410619,modelmcSi_over_modelmcSi_Int[x|FULL] = 0.821185,modelmcS_over_modelmcS_Int[x|FULL] = 0.0141774), !coefficients=(mcNe_frac = 129501 +/- 0,mcMg_frac = 137569 +/- 0,mcSi_frac = 129941 +/- 0,mcS_frac = 124396 +/- 0)
     getLogVal() top-level p.d.f not greater than zero @ !refCoefNorm=(x = 14), !pdfs=(modelmcNe_over_modelmcNe_Int[x|FULL] = 0.000583415,modelmcMg_over_modelmcMg_Int[x|FULL] = 0.00410619,modelmcSi_over_modelmcSi_Int[x|FULL] = 0.821185,modelmcS_over_modelmcS_Int[x|FULL] = 0.0141774), !coefficients=(mcNe_frac = 129501 +/- 0,mcMg_frac = 137569 +/- 0,mcSi_frac = 129941 +/- 0,mcS_frac = 124396 +/- 0)
     getLogVal() top-level p.d.f not greater than zero @ !refCoefNorm=(x = 14), !pdfs=(modelmcNe_over_modelmcNe_Int[x|FULL] = 0.000583415,modelmcMg_over_modelmcMg_Int[x|FULL] = 0.00410619,modelmcSi_over_modelmcSi_Int[x|FULL] = 0.821185,modelmcS_over_modelmcS_Int[x|FULL] = 0.0141774), !coefficients=(mcNe_frac = 129501 +/- 0,mcMg_frac = 137569 +/- 0,mcSi_frac = 129941 +/- 0,mcS_frac = 124396 +/- 0)
     getLogVal() top-level p.d.f not greater than zero @ !refCoefNorm=(x = 14), !pdfs=(modelmcNe_over_modelmcNe_Int[x|FULL] = 0.000583415,modelmcMg_over_modelmcMg_Int[x|FULL] = 0.00410619,modelmcSi_over_modelmcSi_Int[x|FULL] = 0.821185,modelmcS_over_modelmcS_Int[x|FULL] = 0.0141774), !coefficients=(mcNe_frac = 129501 +/- 0,mcMg_frac = 137569 +/- 0,mcSi_frac = 129941 +/- 0,mcS_frac = 124396 +/- 0)
     getLogVal() top-level p.d.f not greater than zero @ !refCoefNorm=(x = 14), !pdfs=(modelmcNe_over_modelmcNe_Int[x|FULL] = 0.000583415,modelmcMg_over_modelmcMg_Int[x|FULL] = 0.00410619,modelmcSi_over_modelmcSi_Int[x|FULL] = 0.821185,modelmcS_over_modelmcS_Int[x|FULL] = 0.0141774), !coefficients=(mcNe_frac = 129501 +/- 0,mcMg_frac = 137569 +/- 0,mcSi_frac = 129941 +/- 0,mcS_frac = 124396 +/- 0)
     getLogVal() top-level p.d.f not greater than zero @ !refCoefNorm=(x = 14), !pdfs=(modelmcNe_over_modelmcNe_Int[x|FULL] = 0.000583415,modelmcMg_over_modelmcMg_Int[x|FULL] = 0.00410619,modelmcSi_over_modelmcSi_Int[x|FULL] = 0.821185,modelmcS_over_modelmcS_Int[x|FULL] = 0.0141774), !coefficients=(mcNe_frac = 129501 +/- 0,mcMg_frac = 137569 +/- 0,mcSi_frac = 129941 +/- 0,mcS_frac = 124396 +/- 0)
     getLogVal() top-level p.d.f not greater than zero @ !refCoefNorm=(x = 14), !pdfs=(modelmcNe_over_modelmcNe_Int[x|FULL] = 0.000583415,modelmcMg_over_modelmcMg_Int[x|FULL] = 0.00410619,modelmcSi_over_modelmcSi_Int[x|FULL] = 0.821185,modelmcS_over_modelmcS_Int[x|FULL] = 0.0141774), !coefficients=(mcNe_frac = 129501 +/- 0,mcMg_frac = 137569 +/- 0,mcSi_frac = 129941 +/- 0,mcS_frac = 124396 +/- 0)
     getLogVal() top-level p.d.f not greater than zero @ !refCoefNorm=(x = 14), !pdfs=(modelmcNe_over_modelmcNe_Int[x|FULL] = 0.000583415,modelmcMg_over_modelmcMg_Int[x|FULL] = 0.00410619,modelmcSi_over_modelmcSi_Int[x|FULL] = 0.821185,modelmcS_over_modelmcS_Int[x|FULL] = 0.0141774), !coefficients=(mcNe_frac = 129501 +/- 0,mcMg_frac = 137569 +/- 0,mcSi_frac = 129941 +/- 0,mcS_frac = 124396 +/- 0)
     getLogVal() top-level p.d.f not greater than zero @ !refCoefNorm=(x = 14), !pdfs=(modelmcNe_over_modelmcNe_Int[x|FULL] = 0.000583415,modelmcMg_over_modelmcMg_Int[x|FULL] = 0.00410619,modelmcSi_over_modelmcSi_Int[x|FULL] = 0.821185,modelmcS_over_modelmcS_Int[x|FULL] = 0.0141774), !coefficients=(mcNe_frac = 129501 +/- 0,mcMg_frac = 137569 +/- 0,mcSi_frac = 129941 +/- 0,mcS_frac = 124396 +/- 0)
     getLogVal() top-level p.d.f not greater than zero @ !refCoefNorm=(x = 14), !pdfs=(modelmcNe_over_modelmcNe_Int[x|FULL] = 0.000583415,modelmcMg_over_modelmcMg_Int[x|FULL] = 0.00410619,modelmcSi_over_modelmcSi_Int[x|FULL] = 0.821185,modelmcS_over_modelmcS_Int[x|FULL] = 0.0141774), !coefficients=(mcNe_frac = 129501 +/- 0,mcMg_frac = 137569 +/- 0,mcSi_frac = 129941 +/- 0,mcS_frac = 124396 +/- 0)
     getLogVal() top-level p.d.f not greater than zero @ !refCoefNorm=(x = 14), !pdfs=(modelmcNe_over_modelmcNe_Int[x|FULL] = 0.000583415,modelmcMg_over_modelmcMg_Int[x|FULL] = 0.00410619,modelmcSi_over_modelmcSi_Int[x|FULL] = 0.821185,modelmcS_over_modelmcS_Int[x|FULL] = 0.0141774), !coefficients=(mcNe_frac = 129501 +/- 0,mcMg_frac = 137569 +/- 0,mcSi_frac = 129941 +/- 0,mcS_frac = 124396 +/- 0)
     getLogVal() top-level p.d.f not greater than zero @ !refCoefNorm=(x = 14), !pdfs=(modelmcNe_over_modelmcNe_Int[x|FULL] = 0.000583415,modelmcMg_over_modelmcMg_Int[x|FULL] = 0.00410619,modelmcSi_over_modelmcSi_Int[x|FULL] = 0.821185,modelmcS_over_modelmcS_Int[x|FULL] = 0.0141774), !coefficients=(mcNe_frac = 129501 +/- 0,mcMg_frac = 137569 +/- 0,mcSi_frac = 129941 +/- 0,mcS_frac = 124396 +/- 0)
    ... (remaining 15 messages suppressed)

RooAbsMinimizerFcn: Minimized function has error status.
Returning maximum FCN so far (-inf) to force MIGRAD to back out of this region. Error log follows.
Parameter values: 	mcMg_frac=124044	mcNe_frac=129501	mcS_frac=124396	mcSi_frac=129941
RooAddPdf::model[ mcNe_frac * modelmcNe_over_modelmcNe_Int[x|FULL] + mcMg_frac * modelmcMg_over_modelmcMg_Int[x|FULL] + mcSi_frac * modelmcSi_over_modelmcSi_Int[x|FULL] + mcS_frac * modelmcS_over_modelmcS_Int[x|FULL] ]
     getLogVal() top-level p.d.f not greater than zero @ !refCoefNorm=(x = 14), !pdfs=(modelmcNe_over_modelmcNe_Int[x|FULL] = 0.000583415,modelmcMg_over_modelmcMg_Int[x|FULL] = 0.00410619,modelmcSi_over_modelmcSi_Int[x|FULL] = 0.821185,modelmcS_over_modelmcS_Int[x|FULL] = 0.0141774), !coefficients=(mcNe_frac = 129501 +/- 0,mcMg_frac = 124044 +/- 0,mcSi_frac = 129941 +/- 0,mcS_frac = 124396 +/- 0)
     getLogVal() top-level p.d.f not greater than zero @ !refCoefNorm=(x = 14), !pdfs=(modelmcNe_over_modelmcNe_Int[x|FULL] = 0.000583415,modelmcMg_over_modelmcMg_Int[x|FULL] = 0.00410619,modelmcSi_over_modelmcSi_Int[x|FULL] = 0.821185,modelmcS_over_modelmcS_Int[x|FULL] = 0.0141774), !coefficients=(mcNe_frac = 129501 +/- 0,mcMg_frac = 124044 +/- 0,mcSi_frac = 129941 +/- 0,mcS_frac = 124396 +/- 0)
     getLogVal() top-level p.d.f not greater than zero @ !refCoefNorm=(x = 14), !pdfs=(modelmcNe_over_modelmcNe_Int[x|FULL] = 0.000583415,modelmcMg_over_modelmcMg_Int[x|FULL] = 0.00410619,modelmcSi_over_modelmcSi_Int[x|FULL] = 0.821185,modelmcS_over_modelmcS_Int[x|FULL] = 0.0141774), !coefficients=(mcNe_frac = 129501 +/- 0,mcMg_frac = 124044 +/- 0,mcSi_frac = 129941 +/- 0,mcS_frac = 124396 +/- 0)
     getLogVal() top-level p.d.f not greater than zero @ !refCoefNorm=(x = 14), !pdfs=(modelmcNe_over_modelmcNe_Int[x|FULL] = 0.000583415,modelmcMg_over_modelmcMg_Int[x|FULL] = 0.00410619,modelmcSi_over_modelmcSi_Int[x|FULL] = 0.821185,modelmcS_over_modelmcS_Int[x|FULL] = 0.0141774), !coefficients=(mcNe_frac = 129501 +/- 0,mcMg_frac = 124044 +/- 0,mcSi_frac = 129941 +/- 0,mcS_frac = 124396 +/- 0)
     getLogVal() top-level p.d.f not greater than zero @ !refCoefNorm=(x = 14), !pdfs=(modelmcNe_over_modelmcNe_Int[x|FULL] = 0.000583415,modelmcMg_over_modelmcMg_Int[x|FULL] = 0.00410619,modelmcSi_over_modelmcSi_Int[x|FULL] = 0.821185,modelmcS_over_modelmcS_Int[x|FULL] = 0.0141774), !coefficients=(mcNe_frac = 129501 +/- 0,mcMg_frac = 124044 +/- 0,mcSi_frac = 129941 +/- 0,mcS_frac = 124396 +/- 0)
     getLogVal() top-level p.d.f not greater than zero @ !refCoefNorm=(x = 14), !pdfs=(modelmcNe_over_modelmcNe_Int[x|FULL] = 0.000583415,modelmcMg_over_modelmcMg_Int[x|FULL] = 0.00410619,modelmcSi_over_modelmcSi_Int[x|FULL] = 0.821185,modelmcS_over_modelmcS_Int[x|FULL] = 0.0141774), !coefficients=(mcNe_frac = 129501 +/- 0,mcMg_frac = 124044 +/- 0,mcSi_frac = 129941 +/- 0,mcS_frac = 124396 +/- 0)
     getLogVal() top-level p.d.f not greater than zero @ !refCoefNorm=(x = 14), !pdfs=(modelmcNe_over_modelmcNe_Int[x|FULL] = 0.000583415,modelmcMg_over_modelmcMg_Int[x|FULL] = 0.00410619,modelmcSi_over_modelmcSi_Int[x|FULL] = 0.821185,modelmcS_over_modelmcS_Int[x|FULL] = 0.0141774), !coefficients=(mcNe_frac = 129501 +/- 0,mcMg_frac = 124044 +/- 0,mcSi_frac = 129941 +/- 0,mcS_frac = 124396 +/- 0)
     getLogVal() top-level p.d.f not greater than zero @ !refCoefNorm=(x = 14), !pdfs=(modelmcNe_over_modelmcNe_Int[x|FULL] = 0.000583415,modelmcMg_over_modelmcMg_Int[x|FULL] = 0.00410619,modelmcSi_over_modelmcSi_Int[x|FULL] = 0.821185,modelmcS_over_modelmcS_Int[x|FULL] = 0.0141774), !coefficients=(mcNe_frac = 129501 +/- 0,mcMg_frac = 124044 +/- 0,mcSi_frac = 129941 +/- 0,mcS_frac = 124396 +/- 0)
     getLogVal() top-level p.d.f not greater than zero @ !refCoefNorm=(x = 14), !pdfs=(modelmcNe_over_modelmcNe_Int[x|FULL] = 0.000583415,modelmcMg_over_modelmcMg_Int[x|FULL] = 0.00410619,modelmcSi_over_modelmcSi_Int[x|FULL] = 0.821185,modelmcS_over_modelmcS_Int[x|FULL] = 0.0141774), !coefficients=(mcNe_frac = 129501 +/- 0,mcMg_frac = 124044 +/- 0,mcSi_frac = 129941 +/- 0,mcS_frac = 124396 +/- 0)
     getLogVal() top-level p.d.f not greater than zero @ !refCoefNorm=(x = 14), !pdfs=(modelmcNe_over_modelmcNe_Int[x|FULL] = 0.000583415,modelmcMg_over_modelmcMg_Int[x|FULL] = 0.00410619,modelmcSi_over_modelmcSi_Int[x|FULL] = 0.821185,modelmcS_over_modelmcS_Int[x|FULL] = 0.0141774), !coefficients=(mcNe_frac = 129501 +/- 0,mcMg_frac = 124044 +/- 0,mcSi_frac = 129941 +/- 0,mcS_frac = 124396 +/- 0)
     getLogVal() top-level p.d.f not greater than zero @ !refCoefNorm=(x = 14), !pdfs=(modelmcNe_over_modelmcNe_Int[x|FULL] = 0.000583415,modelmcMg_over_modelmcMg_Int[x|FULL] = 0.00410619,modelmcSi_over_modelmcSi_Int[x|FULL] = 0.821185,modelmcS_over_modelmcS_Int[x|FULL] = 0.0141774), !coefficients=(mcNe_frac = 129501 +/- 0,mcMg_frac = 124044 +/- 0,mcSi_frac = 129941 +/- 0,mcS_frac = 124396 +/- 0)
     getLogVal() top-level p.d.f not greater than zero @ !refCoefNorm=(x = 14), !pdfs=(modelmcNe_over_modelmcNe_Int[x|FULL] = 0.000583415,modelmcMg_over_modelmcMg_Int[x|FULL] = 0.00410619,modelmcSi_over_modelmcSi_Int[x|FULL] = 0.821185,modelmcS_over_modelmcS_Int[x|FULL] = 0.0141774), !coefficients=(mcNe_frac = 129501 +/- 0,mcMg_frac = 124044 +/- 0,mcSi_frac = 129941 +/- 0,mcS_frac = 124396 +/- 0)
    ... (remaining 15 messages suppressed)

RooAbsMinimizerFcn: Minimized function has error status.
Returning maximum FCN so far (-inf) to force MIGRAD to back out of this region. Error log follows.
Parameter values: 	mcMg_frac=206785	mcNe_frac=129501	mcS_frac=124396	mcSi_frac=129941
RooAddPdf::model[ mcNe_frac * modelmcNe_over_modelmcNe_Int[x|FULL] + mcMg_frac * modelmcMg_over_modelmcMg_Int[x|FULL] + mcSi_frac * modelmcSi_over_modelmcSi_Int[x|FULL] + mcS_frac * modelmcS_over_modelmcS_Int[x|FULL] ]
     getLogVal() top-level p.d.f not greater than zero @ !refCoefNorm=(x = 14), !pdfs=(modelmcNe_over_modelmcNe_Int[x|FULL] = 0.000583415,modelmcMg_over_modelmcMg_Int[x|FULL] = 0.00410619,modelmcSi_over_modelmcSi_Int[x|FULL] = 0.821185,modelmcS_over_modelmcS_Int[x|FULL] = 0.0141774), !coefficients=(mcNe_frac = 129501 +/- 0,mcMg_frac = 206785 +/- 0,mcSi_frac = 129941 +/- 0,mcS_frac = 124396 +/- 0)
     getLogVal() top-level p.d.f not greater than zero @ !refCoefNorm=(x = 14), !pdfs=(modelmcNe_over_modelmcNe_Int[x|FULL] = 0.000583415,modelmcMg_over_modelmcMg_Int[x|FULL] = 0.00410619,modelmcSi_over_modelmcSi_Int[x|FULL] = 0.821185,modelmcS_over_modelmcS_Int[x|FULL] = 0.0141774), !coefficients=(mcNe_frac = 129501 +/- 0,mcMg_frac = 206785 +/- 0,mcSi_frac = 129941 +/- 0,mcS_frac = 124396 +/- 0)
     getLogVal() top-level p.d.f not greater than zero @ !refCoefNorm=(x = 14), !pdfs=(modelmcNe_over_modelmcNe_Int[x|FULL] = 0.000583415,modelmcMg_over_modelmcMg_Int[x|FULL] = 0.00410619,modelmcSi_over_modelmcSi_Int[x|FULL] = 0.821185,modelmcS_over_modelmcS_Int[x|FULL] = 0.0141774), !coefficients=(mcNe_frac = 129501 +/- 0,mcMg_frac = 206785 +/- 0,mcSi_frac = 129941 +/- 0,mcS_frac = 124396 +/- 0)
     getLogVal() top-level p.d.f not greater than zero @ !refCoefNorm=(x = 14), !pdfs=(modelmcNe_over_modelmcNe_Int[x|FULL] = 0.000583415,modelmcMg_over_modelmcMg_Int[x|FULL] = 0.00410619,modelmcSi_over_modelmcSi_Int[x|FULL] = 0.821185,modelmcS_over_modelmcS_Int[x|FULL] = 0.0141774), !coefficients=(mcNe_frac = 129501 +/- 0,mcMg_frac = 206785 +/- 0,mcSi_frac = 129941 +/- 0,mcS_frac = 124396 +/- 0)
     getLogVal() top-level p.d.f not greater than zero @ !refCoefNorm=(x = 14), !pdfs=(modelmcNe_over_modelmcNe_Int[x|FULL] = 0.000583415,modelmcMg_over_modelmcMg_Int[x|FULL] = 0.00410619,modelmcSi_over_modelmcSi_Int[x|FULL] = 0.821185,modelmcS_over_modelmcS_Int[x|FULL] = 0.0141774), !coefficients=(mcNe_frac = 129501 +/- 0,mcMg_frac = 206785 +/- 0,mcSi_frac = 129941 +/- 0,mcS_frac = 124396 +/- 0)
     getLogVal() top-level p.d.f not greater than zero @ !refCoefNorm=(x = 14), !pdfs=(modelmcNe_over_modelmcNe_Int[x|FULL] = 0.000583415,modelmcMg_over_modelmcMg_Int[x|FULL] = 0.00410619,modelmcSi_over_modelmcSi_Int[x|FULL] = 0.821185,modelmcS_over_modelmcS_Int[x|FULL] = 0.0141774), !coefficients=(mcNe_frac = 129501 +/- 0,mcMg_frac = 206785 +/- 0,mcSi_frac = 129941 +/- 0,mcS_frac = 124396 +/- 0)
     getLogVal() top-level p.d.f not greater than zero @ !refCoefNorm=(x = 14), !pdfs=(modelmcNe_over_modelmcNe_Int[x|FULL] = 0.000583415,modelmcMg_over_modelmcMg_Int[x|FULL] = 0.00410619,modelmcSi_over_modelmcSi_Int[x|FULL] = 0.821185,modelmcS_over_modelmcS_Int[x|FULL] = 0.0141774), !coefficients=(mcNe_frac = 129501 +/- 0,mcMg_frac = 206785 +/- 0,mcSi_frac = 129941 +/- 0,mcS_frac = 124396 +/- 0)
     getLogVal() top-level p.d.f not greater than zero @ !refCoefNorm=(x = 14), !pdfs=(modelmcNe_over_modelmcNe_Int[x|FULL] = 0.000583415,modelmcMg_over_modelmcMg_Int[x|FULL] = 0.00410619,modelmcSi_over_modelmcSi_Int[x|FULL] = 0.821185,modelmcS_over_modelmcS_Int[x|FULL] = 0.0141774), !coefficients=(mcNe_frac = 129501 +/- 0,mcMg_frac = 206785 +/- 0,mcSi_frac = 129941 +/- 0,mcS_frac = 124396 +/- 0)
     getLogVal() top-level p.d.f not greater than zero @ !refCoefNorm=(x = 14), !pdfs=(modelmcNe_over_modelmcNe_Int[x|FULL] = 0.000583415,modelmcMg_over_modelmcMg_Int[x|FULL] = 0.00410619,modelmcSi_over_modelmcSi_Int[x|FULL] = 0.821185,modelmcS_over_modelmcS_Int[x|FULL] = 0.0141774), !coefficients=(mcNe_frac = 129501 +/- 0,mcMg_frac = 206785 +/- 0,mcSi_frac = 129941 +/- 0,mcS_frac = 124396 +/- 0)
     getLogVal() top-level p.d.f not greater than zero @ !refCoefNorm=(x = 14), !pdfs=(modelmcNe_over_modelmcNe_Int[x|FULL] = 0.000583415,modelmcMg_over_modelmcMg_Int[x|FULL] = 0.00410619,modelmcSi_over_modelmcSi_Int[x|FULL] = 0.821185,modelmcS_over_modelmcS_Int[x|FULL] = 0.0141774), !coefficients=(mcNe_frac = 129501 +/- 0,mcMg_frac = 206785 +/- 0,mcSi_frac = 129941 +/- 0,mcS_frac = 124396 +/- 0)
     getLogVal() top-level p.d.f not greater than zero @ !refCoefNorm=(x = 14), !pdfs=(modelmcNe_over_modelmcNe_Int[x|FULL] = 0.000583415,modelmcMg_over_modelmcMg_Int[x|FULL] = 0.00410619,modelmcSi_over_modelmcSi_Int[x|FULL] = 0.821185,modelmcS_over_modelmcS_Int[x|FULL] = 0.0141774), !coefficients=(mcNe_frac = 129501 +/- 0,mcMg_frac = 206785 +/- 0,mcSi_frac = 129941 +/- 0,mcS_frac = 124396 +/- 0)
     getLogVal() top-level p.d.f not greater than zero @ !refCoefNorm=(x = 14), !pdfs=(modelmcNe_over_modelmcNe_Int[x|FULL] = 0.000583415,modelmcMg_over_modelmcMg_Int[x|FULL] = 0.00410619,modelmcSi_over_modelmcSi_Int[x|FULL] = 0.821185,modelmcS_over_modelmcS_Int[x|FULL] = 0.0141774), !coefficients=(mcNe_frac = 129501 +/- 0,mcMg_frac = 206785 +/- 0,mcSi_frac = 129941 +/- 0,mcS_frac = 124396 +/- 0)
    ... (remaining 15 messages suppressed)

RooAbsMinimizerFcn: Minimized function has error status.
Returning maximum FCN so far (-inf) to force MIGRAD to back out of this region. Error log follows.
Parameter values: 	mcMg_frac=71685.4	mcNe_frac=129501	mcS_frac=124396	mcSi_frac=129941
RooAddPdf::model[ mcNe_frac * modelmcNe_over_modelmcNe_Int[x|FULL] + mcMg_frac * modelmcMg_over_modelmcMg_Int[x|FULL] + mcSi_frac * modelmcSi_over_modelmcSi_Int[x|FULL] + mcS_frac * modelmcS_over_modelmcS_Int[x|FULL] ]
     getLogVal() top-level p.d.f not greater than zero @ !refCoefNorm=(x = 14), !pdfs=(modelmcNe_over_modelmcNe_Int[x|FULL] = 0.000583415,modelmcMg_over_modelmcMg_Int[x|FULL] = 0.00410619,modelmcSi_over_modelmcSi_Int[x|FULL] = 0.821185,modelmcS_over_modelmcS_Int[x|FULL] = 0.0141774), !coefficients=(mcNe_frac = 129501 +/- 0,mcMg_frac = 71685.4 +/- 0,mcSi_frac = 129941 +/- 0,mcS_frac = 124396 +/- 0)
     getLogVal() top-level p.d.f not greater than zero @ !refCoefNorm=(x = 14), !pdfs=(modelmcNe_over_modelmcNe_Int[x|FULL] = 0.000583415,modelmcMg_over_modelmcMg_Int[x|FULL] = 0.00410619,modelmcSi_over_modelmcSi_Int[x|FULL] = 0.821185,modelmcS_over_modelmcS_Int[x|FULL] = 0.0141774), !coefficients=(mcNe_frac = 129501 +/- 0,mcMg_frac = 71685.4 +/- 0,mcSi_frac = 129941 +/- 0,mcS_frac = 124396 +/- 0)
     getLogVal() top-level p.d.f not greater than zero @ !refCoefNorm=(x = 14), !pdfs=(modelmcNe_over_modelmcNe_Int[x|FULL] = 0.000583415,modelmcMg_over_modelmcMg_Int[x|FULL] = 0.00410619,modelmcSi_over_modelmcSi_Int[x|FULL] = 0.821185,modelmcS_over_modelmcS_Int[x|FULL] = 0.0141774), !coefficients=(mcNe_frac = 129501 +/- 0,mcMg_frac = 71685.4 +/- 0,mcSi_frac = 129941 +/- 0,mcS_frac = 124396 +/- 0)
     getLogVal() top-level p.d.f not greater than zero @ !refCoefNorm=(x = 14), !pdfs=(modelmcNe_over_modelmcNe_Int[x|FULL] = 0.000583415,modelmcMg_over_modelmcMg_Int[x|FULL] = 0.00410619,modelmcSi_over_modelmcSi_Int[x|FULL] = 0.821185,modelmcS_over_modelmcS_Int[x|FULL] = 0.0141774), !coefficients=(mcNe_frac = 129501 +/- 0,mcMg_frac = 71685.4 +/- 0,mcSi_frac = 129941 +/- 0,mcS_frac = 124396 +/- 0)
     getLogVal() top-level p.d.f not greater than zero @ !refCoefNorm=(x = 14), !pdfs=(modelmcNe_over_modelmcNe_Int[x|FULL] = 0.000583415,modelmcMg_over_modelmcMg_Int[x|FULL] = 0.00410619,modelmcSi_over_modelmcSi_Int[x|FULL] = 0.821185,modelmcS_over_modelmcS_Int[x|FULL] = 0.0141774), !coefficients=(mcNe_frac = 129501 +/- 0,mcMg_frac = 71685.4 +/- 0,mcSi_frac = 129941 +/- 0,mcS_frac = 124396 +/- 0)
     getLogVal() top-level p.d.f not greater than zero @ !refCoefNorm=(x = 14), !pdfs=(modelmcNe_over_modelmcNe_Int[x|FULL] = 0.000583415,modelmcMg_over_modelmcMg_Int[x|FULL] = 0.00410619,modelmcSi_over_modelmcSi_Int[x|FULL] = 0.821185,modelmcS_over_modelmcS_Int[x|FULL] = 0.0141774), !coefficients=(mcNe_frac = 129501 +/- 0,mcMg_frac = 71685.4 +/- 0,mcSi_frac = 129941 +/- 0,mcS_frac = 124396 +/- 0)
     getLogVal() top-level p.d.f not greater than zero @ !refCoefNorm=(x = 14), !pdfs=(modelmcNe_over_modelmcNe_Int[x|FULL] = 0.000583415,modelmcMg_over_modelmcMg_Int[x|FULL] = 0.00410619,modelmcSi_over_modelmcSi_Int[x|FULL] = 0.821185,modelmcS_over_modelmcS_Int[x|FULL] = 0.0141774), !coefficients=(mcNe_frac = 129501 +/- 0,mcMg_frac = 71685.4 +/- 0,mcSi_frac = 129941 +/- 0,mcS_frac = 124396 +/- 0)
     getLogVal() top-level p.d.f not greater than zero @ !refCoefNorm=(x = 14), !pdfs=(modelmcNe_over_modelmcNe_Int[x|FULL] = 0.000583415,modelmcMg_over_modelmcMg_Int[x|FULL] = 0.00410619,modelmcSi_over_modelmcSi_Int[x|FULL] = 0.821185,modelmcS_over_modelmcS_Int[x|FULL] = 0.0141774), !coefficients=(mcNe_frac = 129501 +/- 0,mcMg_frac = 71685.4 +/- 0,mcSi_frac = 129941 +/- 0,mcS_frac = 124396 +/- 0)
     getLogVal() top-level p.d.f not greater than zero @ !refCoefNorm=(x = 14), !pdfs=(modelmcNe_over_modelmcNe_Int[x|FULL] = 0.000583415,modelmcMg_over_modelmcMg_Int[x|FULL] = 0.00410619,modelmcSi_over_modelmcSi_Int[x|FULL] = 0.821185,modelmcS_over_modelmcS_Int[x|FULL] = 0.0141774), !coefficients=(mcNe_frac = 129501 +/- 0,mcMg_frac = 71685.4 +/- 0,mcSi_frac = 129941 +/- 0,mcS_frac = 124396 +/- 0)
     getLogVal() top-level p.d.f not greater than zero @ !refCoefNorm=(x = 14), !pdfs=(modelmcNe_over_modelmcNe_Int[x|FULL] = 0.000583415,modelmcMg_over_modelmcMg_Int[x|FULL] = 0.00410619,modelmcSi_over_modelmcSi_Int[x|FULL] = 0.821185,modelmcS_over_modelmcS_Int[x|FULL] = 0.0141774), !coefficients=(mcNe_frac = 129501 +/- 0,mcMg_frac = 71685.4 +/- 0,mcSi_frac = 129941 +/- 0,mcS_frac = 124396 +/- 0)
     getLogVal() top-level p.d.f not greater than zero @ !refCoefNorm=(x = 14), !pdfs=(modelmcNe_over_modelmcNe_Int[x|FULL] = 0.000583415,modelmcMg_over_modelmcMg_Int[x|FULL] = 0.00410619,modelmcSi_over_modelmcSi_Int[x|FULL] = 0.821185,modelmcS_over_modelmcS_Int[x|FULL] = 0.0141774), !coefficients=(mcNe_frac = 129501 +/- 0,mcMg_frac = 71685.4 +/- 0,mcSi_frac = 129941 +/- 0,mcS_frac = 124396 +/- 0)
     getLogVal() top-level p.d.f not greater than zero @ !refCoefNorm=(x = 14), !pdfs=(modelmcNe_over_modelmcNe_Int[x|FULL] = 0.000583415,modelmcMg_over_modelmcMg_Int[x|FULL] = 0.00410619,modelmcSi_over_modelmcSi_Int[x|FULL] = 0.821185,modelmcS_over_modelmcS_Int[x|FULL] = 0.0141774), !coefficients=(mcNe_frac = 129501 +/- 0,mcMg_frac = 71685.4 +/- 0,mcSi_frac = 129941 +/- 0,mcS_frac = 124396 +/- 0)
    ... (remaining 15 messages suppressed)

RooAbsMinimizerFcn: Minimized function has error status.
Returning maximum FCN so far (-inf) to force MIGRAD to back out of this region. Error log follows.
Parameter values: 	mcMg_frac=836747	mcNe_frac=129501	mcS_frac=124396	mcSi_frac=129941
RooAddPdf::model[ mcNe_frac * modelmcNe_over_modelmcNe_Int[x|FULL] + mcMg_frac * modelmcMg_over_modelmcMg_Int[x|FULL] + mcSi_frac * modelmcSi_over_modelmcSi_Int[x|FULL] + mcS_frac * modelmcS_over_modelmcS_Int[x|FULL] ]
     getLogVal() top-level p.d.f not greater than zero @ !refCoefNorm=(x = 14), !pdfs=(modelmcNe_over_modelmcNe_Int[x|FULL] = 0.000583415,modelmcMg_over_modelmcMg_Int[x|FULL] = 0.00410619,modelmcSi_over_modelmcSi_Int[x|FULL] = 0.821185,modelmcS_over_modelmcS_Int[x|FULL] = 0.0141774), !coefficients=(mcNe_frac = 129501 +/- 0,mcMg_frac = 836747 +/- 0,mcSi_frac = 129941 +/- 0,mcS_frac = 124396 +/- 0)
     getLogVal() top-level p.d.f not greater than zero @ !refCoefNorm=(x = 14), !pdfs=(modelmcNe_over_modelmcNe_Int[x|FULL] = 0.000583415,modelmcMg_over_modelmcMg_Int[x|FULL] = 0.00410619,modelmcSi_over_modelmcSi_Int[x|FULL] = 0.821185,modelmcS_over_modelmcS_Int[x|FULL] = 0.0141774), !coefficients=(mcNe_frac = 129501 +/- 0,mcMg_frac = 836747 +/- 0,mcSi_frac = 129941 +/- 0,mcS_frac = 124396 +/- 0)
     getLogVal() top-level p.d.f not greater than zero @ !refCoefNorm=(x = 14), !pdfs=(modelmcNe_over_modelmcNe_Int[x|FULL] = 0.000583415,modelmcMg_over_modelmcMg_Int[x|FULL] = 0.00410619,modelmcSi_over_modelmcSi_Int[x|FULL] = 0.821185,modelmcS_over_modelmcS_Int[x|FULL] = 0.0141774), !coefficients=(mcNe_frac = 129501 +/- 0,mcMg_frac = 836747 +/- 0,mcSi_frac = 129941 +/- 0,mcS_frac = 124396 +/- 0)
     getLogVal() top-level p.d.f not greater than zero @ !refCoefNorm=(x = 14), !pdfs=(modelmcNe_over_modelmcNe_Int[x|FULL] = 0.000583415,modelmcMg_over_modelmcMg_Int[x|FULL] = 0.00410619,modelmcSi_over_modelmcSi_Int[x|FULL] = 0.821185,modelmcS_over_modelmcS_Int[x|FULL] = 0.0141774), !coefficients=(mcNe_frac = 129501 +/- 0,mcMg_frac = 836747 +/- 0,mcSi_frac = 129941 +/- 0,mcS_frac = 124396 +/- 0)
     getLogVal() top-level p.d.f not greater than zero @ !refCoefNorm=(x = 14), !pdfs=(modelmcNe_over_modelmcNe_Int[x|FULL] = 0.000583415,modelmcMg_over_modelmcMg_Int[x|FULL] = 0.00410619,modelmcSi_over_modelmcSi_Int[x|FULL] = 0.821185,modelmcS_over_modelmcS_Int[x|FULL] = 0.0141774), !coefficients=(mcNe_frac = 129501 +/- 0,mcMg_frac = 836747 +/- 0,mcSi_frac = 129941 +/- 0,mcS_frac = 124396 +/- 0)
     getLogVal() top-level p.d.f not greater than zero @ !refCoefNorm=(x = 14), !pdfs=(modelmcNe_over_modelmcNe_Int[x|FULL] = 0.000583415,modelmcMg_over_modelmcMg_Int[x|FULL] = 0.00410619,modelmcSi_over_modelmcSi_Int[x|FULL] = 0.821185,modelmcS_over_modelmcS_Int[x|FULL] = 0.0141774), !coefficients=(mcNe_frac = 129501 +/- 0,mcMg_frac = 836747 +/- 0,mcSi_frac = 129941 +/- 0,mcS_frac = 124396 +/- 0)
     getLogVal() top-level p.d.f not greater than zero @ !refCoefNorm=(x = 14), !pdfs=(modelmcNe_over_modelmcNe_Int[x|FULL] = 0.000583415,modelmcMg_over_modelmcMg_Int[x|FULL] = 0.00410619,modelmcSi_over_modelmcSi_Int[x|FULL] = 0.821185,modelmcS_over_modelmcS_Int[x|FULL] = 0.0141774), !coefficients=(mcNe_frac = 129501 +/- 0,mcMg_frac = 836747 +/- 0,mcSi_frac = 129941 +/- 0,mcS_frac = 124396 +/- 0)
     getLogVal() top-level p.d.f not greater than zero @ !refCoefNorm=(x = 14), !pdfs=(modelmcNe_over_modelmcNe_Int[x|FULL] = 0.000583415,modelmcMg_over_modelmcMg_Int[x|FULL] = 0.00410619,modelmcSi_over_modelmcSi_Int[x|FULL] = 0.821185,modelmcS_over_modelmcS_Int[x|FULL] = 0.0141774), !coefficients=(mcNe_frac = 129501 +/- 0,mcMg_frac = 836747 +/- 0,mcSi_frac = 129941 +/- 0,mcS_frac = 124396 +/- 0)
     getLogVal() top-level p.d.f not greater than zero @ !refCoefNorm=(x = 14), !pdfs=(modelmcNe_over_modelmcNe_Int[x|FULL] = 0.000583415,modelmcMg_over_modelmcMg_Int[x|FULL] = 0.00410619,modelmcSi_over_modelmcSi_Int[x|FULL] = 0.821185,modelmcS_over_modelmcS_Int[x|FULL] = 0.0141774), !coefficients=(mcNe_frac = 129501 +/- 0,mcMg_frac = 836747 +/- 0,mcSi_frac = 129941 +/- 0,mcS_frac = 124396 +/- 0)
     getLogVal() top-level p.d.f not greater than zero @ !refCoefNorm=(x = 14), !pdfs=(modelmcNe_over_modelmcNe_Int[x|FULL] = 0.000583415,modelmcMg_over_modelmcMg_Int[x|FULL] = 0.00410619,modelmcSi_over_modelmcSi_Int[x|FULL] = 0.821185,modelmcS_over_modelmcS_Int[x|FULL] = 0.0141774), !coefficients=(mcNe_frac = 129501 +/- 0,mcMg_frac = 836747 +/- 0,mcSi_frac = 129941 +/- 0,mcS_frac = 124396 +/- 0)
     getLogVal() top-level p.d.f not greater than zero @ !refCoefNorm=(x = 14), !pdfs=(modelmcNe_over_modelmcNe_Int[x|FULL] = 0.000583415,modelmcMg_over_modelmcMg_Int[x|FULL] = 0.00410619,modelmcSi_over_modelmcSi_Int[x|FULL] = 0.821185,modelmcS_over_modelmcS_Int[x|FULL] = 0.0141774), !coefficients=(mcNe_frac = 129501 +/- 0,mcMg_frac = 836747 +/- 0,mcSi_frac = 129941 +/- 0,mcS_frac = 124396 +/- 0)
     getLogVal() top-level p.d.f not greater than zero @ !refCoefNorm=(x = 14), !pdfs=(modelmcNe_over_modelmcNe_Int[x|FULL] = 0.000583415,modelmcMg_over_modelmcMg_Int[x|FULL] = 0.00410619,modelmcSi_over_modelmcSi_Int[x|FULL] = 0.821185,modelmcS_over_modelmcS_Int[x|FULL] = 0.0141774), !coefficients=(mcNe_frac = 129501 +/- 0,mcMg_frac = 836747 +/- 0,mcSi_frac = 129941 +/- 0,mcS_frac = 124396 +/- 0)
    ... (remaining 15 messages suppressed)

RooAbsMinimizerFcn: Minimized function has error status.
Returning maximum FCN so far (-inf) to force MIGRAD to back out of this region. Error log follows.
Parameter values: 	mcMg_frac=46230.7	mcNe_frac=129501	mcS_frac=124396	mcSi_frac=129941
RooAddPdf::model[ mcNe_frac * modelmcNe_over_modelmcNe_Int[x|FULL] + mcMg_frac * modelmcMg_over_modelmcMg_Int[x|FULL] + mcSi_frac * modelmcSi_over_modelmcSi_Int[x|FULL] + mcS_frac * modelmcS_over_modelmcS_Int[x|FULL] ]
     getLogVal() top-level p.d.f not greater than zero @ !refCoefNorm=(x = 14), !pdfs=(modelmcNe_over_modelmcNe_Int[x|FULL] = 0.000583415,modelmcMg_over_modelmcMg_Int[x|FULL] = 0.00410619,modelmcSi_over_modelmcSi_Int[x|FULL] = 0.821185,modelmcS_over_modelmcS_Int[x|FULL] = 0.0141774), !coefficients=(mcNe_frac = 129501 +/- 0,mcMg_frac = 46230.7 +/- 0,mcSi_frac = 129941 +/- 0,mcS_frac = 124396 +/- 0)
     getLogVal() top-level p.d.f not greater than zero @ !refCoefNorm=(x = 14), !pdfs=(modelmcNe_over_modelmcNe_Int[x|FULL] = 0.000583415,modelmcMg_over_modelmcMg_Int[x|FULL] = 0.00410619,modelmcSi_over_modelmcSi_Int[x|FULL] = 0.821185,modelmcS_over_modelmcS_Int[x|FULL] = 0.0141774), !coefficients=(mcNe_frac = 129501 +/- 0,mcMg_frac = 46230.7 +/- 0,mcSi_frac = 129941 +/- 0,mcS_frac = 124396 +/- 0)
     getLogVal() top-level p.d.f not greater than zero @ !refCoefNorm=(x = 14), !pdfs=(modelmcNe_over_modelmcNe_Int[x|FULL] = 0.000583415,modelmcMg_over_modelmcMg_Int[x|FULL] = 0.00410619,modelmcSi_over_modelmcSi_Int[x|FULL] = 0.821185,modelmcS_over_modelmcS_Int[x|FULL] = 0.0141774), !coefficients=(mcNe_frac = 129501 +/- 0,mcMg_frac = 46230.7 +/- 0,mcSi_frac = 129941 +/- 0,mcS_frac = 124396 +/- 0)
     getLogVal() top-level p.d.f not greater than zero @ !refCoefNorm=(x = 14), !pdfs=(modelmcNe_over_modelmcNe_Int[x|FULL] = 0.000583415,modelmcMg_over_modelmcMg_Int[x|FULL] = 0.00410619,modelmcSi_over_modelmcSi_Int[x|FULL] = 0.821185,modelmcS_over_modelmcS_Int[x|FULL] = 0.0141774), !coefficients=(mcNe_frac = 129501 +/- 0,mcMg_frac = 46230.7 +/- 0,mcSi_frac = 129941 +/- 0,mcS_frac = 124396 +/- 0)
     getLogVal() top-level p.d.f not greater than zero @ !refCoefNorm=(x = 14), !pdfs=(modelmcNe_over_modelmcNe_Int[x|FULL] = 0.000583415,modelmcMg_over_modelmcMg_Int[x|FULL] = 0.00410619,modelmcSi_over_modelmcSi_Int[x|FULL] = 0.821185,modelmcS_over_modelmcS_Int[x|FULL] = 0.0141774), !coefficients=(mcNe_frac = 129501 +/- 0,mcMg_frac = 46230.7 +/- 0,mcSi_frac = 129941 +/- 0,mcS_frac = 124396 +/- 0)
     getLogVal() top-level p.d.f not greater than zero @ !refCoefNorm=(x = 14), !pdfs=(modelmcNe_over_modelmcNe_Int[x|FULL] = 0.000583415,modelmcMg_over_modelmcMg_Int[x|FULL] = 0.00410619,modelmcSi_over_modelmcSi_Int[x|FULL] = 0.821185,modelmcS_over_modelmcS_Int[x|FULL] = 0.0141774), !coefficients=(mcNe_frac = 129501 +/- 0,mcMg_frac = 46230.7 +/- 0,mcSi_frac = 129941 +/- 0,mcS_frac = 124396 +/- 0)
     getLogVal() top-level p.d.f not greater than zero @ !refCoefNorm=(x = 14), !pdfs=(modelmcNe_over_modelmcNe_Int[x|FULL] = 0.000583415,modelmcMg_over_modelmcMg_Int[x|FULL] = 0.00410619,modelmcSi_over_modelmcSi_Int[x|FULL] = 0.821185,modelmcS_over_modelmcS_Int[x|FULL] = 0.0141774), !coefficients=(mcNe_frac = 129501 +/- 0,mcMg_frac = 46230.7 +/- 0,mcSi_frac = 129941 +/- 0,mcS_frac = 124396 +/- 0)
     getLogVal() top-level p.d.f not greater than zero @ !refCoefNorm=(x = 14), !pdfs=(modelmcNe_over_modelmcNe_Int[x|FULL] = 0.000583415,modelmcMg_over_modelmcMg_Int[x|FULL] = 0.00410619,modelmcSi_over_modelmcSi_Int[x|FULL] = 0.821185,modelmcS_over_modelmcS_Int[x|FULL] = 0.0141774), !coefficients=(mcNe_frac = 129501 +/- 0,mcMg_frac = 46230.7 +/- 0,mcSi_frac = 129941 +/- 0,mcS_frac = 124396 +/- 0)
     getLogVal() top-level p.d.f not greater than zero @ !refCoefNorm=(x = 14), !pdfs=(modelmcNe_over_modelmcNe_Int[x|FULL] = 0.000583415,modelmcMg_over_modelmcMg_Int[x|FULL] = 0.00410619,modelmcSi_over_modelmcSi_Int[x|FULL] = 0.821185,modelmcS_over_modelmcS_Int[x|FULL] = 0.0141774), !coefficients=(mcNe_frac = 129501 +/- 0,mcMg_frac = 46230.7 +/- 0,mcSi_frac = 129941 +/- 0,mcS_frac = 124396 +/- 0)
     getLogVal() top-level p.d.f not greater than zero @ !refCoefNorm=(x = 14), !pdfs=(modelmcNe_over_modelmcNe_Int[x|FULL] = 0.000583415,modelmcMg_over_modelmcMg_Int[x|FULL] = 0.00410619,modelmcSi_over_modelmcSi_Int[x|FULL] = 0.821185,modelmcS_over_modelmcS_Int[x|FULL] = 0.0141774), !coefficients=(mcNe_frac = 129501 +/- 0,mcMg_frac = 46230.7 +/- 0,mcSi_frac = 129941 +/- 0,mcS_frac = 124396 +/- 0)
     getLogVal() top-level p.d.f not greater than zero @ !refCoefNorm=(x = 14), !pdfs=(modelmcNe_over_modelmcNe_Int[x|FULL] = 0.000583415,modelmcMg_over_modelmcMg_Int[x|FULL] = 0.00410619,modelmcSi_over_modelmcSi_Int[x|FULL] = 0.821185,modelmcS_over_modelmcS_Int[x|FULL] = 0.0141774), !coefficients=(mcNe_frac = 129501 +/- 0,mcMg_frac = 46230.7 +/- 0,mcSi_frac = 129941 +/- 0,mcS_frac = 124396 +/- 0)
     getLogVal() top-level p.d.f not greater than zero @ !refCoefNorm=(x = 14), !pdfs=(modelmcNe_over_modelmcNe_Int[x|FULL] = 0.000583415,modelmcMg_over_modelmcMg_Int[x|FULL] = 0.00410619,modelmcSi_over_modelmcSi_Int[x|FULL] = 0.821185,modelmcS_over_modelmcS_Int[x|FULL] = 0.0141774), !coefficients=(mcNe_frac = 129501 +/- 0,mcMg_frac = 46230.7 +/- 0,mcSi_frac = 129941 +/- 0,mcS_frac = 124396 +/- 0)
    ... (remaining 15 messages suppressed)

Warning in <Minuit2>: MnHesse 2nd derivative zero for parameter mcMg_frac ; MnHesse fails and will return diagonal matrix
Warning in <Minuit2>: Minuit2Minimizer::Hesse Hesse failed - matrix is full but not positive defined
Warning in <Minuit2>: Minuit2Minimizer::Hesse 3
[#0] ERROR:Minimization -- RooMinimizer::calculateHessErrors() Error when calculating Hessian
[#0] ERROR:Minimization -- RooMinimizer: all function calls during minimization gave invalid NLL values!
[#1] INFO:Minimization -- RooAbsMinimizerFcn::setOptimizeConst: deactivating const optimization
Contaminazione Ne nello Zolfo = 0.000124132 ± 0
Contaminazione Mg nello Zolfo = 0.000246569 ± 0
Contaminazione Si nello Zolfo = 0.01268 ± 0
Somma contaminazioni = 0.0130507 ± 0
[#1] INFO:Plotting -- RooAbsPdf::plotOn(model) p.d.f was fitted in a subrange and no explicit Range() and NormRange() was specified. Plotting / normalising in fit range. To override, do one of the following
	- Clear the automatic fit range attribute: <pdf>.removeStringAttribute("fitrange");
	- Explicitly specify the plotting range: Range("<rangeName>").
	- Explicitly specify where to compute the normalisation: NormRange("<rangeName>").
	The default (full) range can be denoted with Range("") / NormRange("").
[#1] INFO:Plotting -- RooAbsPdf::plotOn(model) only plotting range 'fit_nll_model_data'
[#1] INFO:Plotting -- RooAbsPdf::plotOn(model) p.d.f. curve is normalized using explicit choice of ranges 'fit_nll_model_data'
[#1] INFO:Plotting -- RooAbsPdf::plotOn(model) p.d.f was fitted in a subrange and no explicit Range() and NormRange() was specified. Plotting / normalising in fit range. To override, do one of the following
	- Clear the automatic fit range attribute: <pdf>.removeStringAttribute("fitrange");
	- Explicitly specify the plotting range: Range("<rangeName>").
	- Explicitly specify where to compute the normalisation: NormRange("<rangeName>").
	The default (full) range can be denoted with Range("") / NormRange("").
[#1] INFO:Plotting -- RooAbsPdf::plotOn(model) only plotting range 'fit_nll_model_data'
[#1] INFO:Plotting -- RooAbsPdf::plotOn(model) p.d.f. curve is normalized using explicit choice of ranges 'fit_nll_model_data'
[#1] INFO:Plotting -- RooAbsPdf::plotOn(model) directly selected PDF components: (modelmcNe)
[#1] INFO:Plotting -- RooAbsPdf::plotOn(model) indirectly selected PDF components: ()
[#1] INFO:Plotting -- RooAbsPdf::plotOn(model) p.d.f was fitted in a subrange and no explicit Range() and NormRange() was specified. Plotting / normalising in fit range. To override, do one of the following
	- Clear the automatic fit range attribute: <pdf>.removeStringAttribute("fitrange");
	- Explicitly specify the plotting range: Range("<rangeName>").
	- Explicitly specify where to compute the normalisation: NormRange("<rangeName>").
	The default (full) range can be denoted with Range("") / NormRange("").
[#1] INFO:Plotting -- RooAbsPdf::plotOn(model) only plotting range 'fit_nll_model_data'
[#1] INFO:Plotting -- RooAbsPdf::plotOn(model) p.d.f. curve is normalized using explicit choice of ranges 'fit_nll_model_data'
[#1] INFO:Plotting -- RooAbsPdf::plotOn(model) directly selected PDF components: (modelmcMg)
[#1] INFO:Plotting -- RooAbsPdf::plotOn(model) indirectly selected PDF components: ()
[#1] INFO:Plotting -- RooAbsPdf::plotOn(model) p.d.f was fitted in a subrange and no explicit Range() and NormRange() was specified. Plotting / normalising in fit range. To override, do one of the following
	- Clear the automatic fit range attribute: <pdf>.removeStringAttribute("fitrange");
	- Explicitly specify the plotting range: Range("<rangeName>").
	- Explicitly specify where to compute the normalisation: NormRange("<rangeName>").
	The default (full) range can be denoted with Range("") / NormRange("").
[#1] INFO:Plotting -- RooAbsPdf::plotOn(model) only plotting range 'fit_nll_model_data'
[#1] INFO:Plotting -- RooAbsPdf::plotOn(model) p.d.f. curve is normalized using explicit choice of ranges 'fit_nll_model_data'
[#1] INFO:Plotting -- RooAbsPdf::plotOn(model) directly selected PDF components: (modelmcSi)
[#1] INFO:Plotting -- RooAbsPdf::plotOn(model) indirectly selected PDF components: ()
[#1] INFO:Plotting -- RooAbsPdf::plotOn(model) p.d.f was fitted in a subrange and no explicit Range() and NormRange() was specified. Plotting / normalising in fit range. To override, do one of the following
	- Clear the automatic fit range attribute: <pdf>.removeStringAttribute("fitrange");
	- Explicitly specify the plotting range: Range("<rangeName>").
	- Explicitly specify where to compute the normalisation: NormRange("<rangeName>").
	The default (full) range can be denoted with Range("") / NormRange("").
[#1] INFO:Plotting -- RooAbsPdf::plotOn(model) only plotting range 'fit_nll_model_data'
[#1] INFO:Plotting -- RooAbsPdf::plotOn(model) p.d.f. curve is normalized using explicit choice of ranges 'fit_nll_model_data'
[#1] INFO:Plotting -- RooAbsPdf::plotOn(model) directly selected PDF components: (modelmcS)
[#1] INFO:Plotting -- RooAbsPdf::plotOn(model) indirectly selected PDF components: ()
